﻿<?xml version="1.0" encoding="utf-8"?>
<abapGit version="v1.0.0" serializer="LCL_OBJECT_TABL" serializer_version="v1.0.0">
 <asx:abap xmlns:asx="http://www.sap.com/abapxml" version="1.0">
  <asx:values>
   <DD02V>
    <TABNAME>ZASHRT003</TABNAME>
    <DDLANGUAGE>E</DDLANGUAGE>
    <TABCLASS>APPEND</TABCLASS>
    <SQLTAB>ZHRT003</SQLTAB>
    <DDTEXT>ZHRT003 APPEND STRUCTURE</DDTEXT>
   </DD02V>
   <DD03P_TABLE>
    <DD03P>
     <FIELDNAME>ZCOL1</FIELDNAME>
     <ADMINFIELD>0</ADMINFIELD>
     <INTTYPE>C</INTTYPE>
     <INTLEN>000004</INTLEN>
     <DATATYPE>CHAR</DATATYPE>
     <LENG>000002</LENG>
     <MASK>  CHAR</MASK>
    </DD03P>
    <DD03P>
     <FIELDNAME>ZCOL2</FIELDNAME>
     <ADMINFIELD>0</ADMINFIELD>
     <INTTYPE>C</INTTYPE>
     <INTLEN>000004</INTLEN>
     <DATATYPE>CHAR</DATATYPE>
     <LENG>000002</LENG>
     <MASK>  CHAR</MASK>
    </DD03P>
   </DD03P_TABLE>
  </asx:values>
 </asx:abap>
</abapGit>
