﻿<?xml version="1.0" encoding="utf-8"?>
<abapGit version="v1.0.0" serializer="LCL_OBJECT_TABL" serializer_version="v1.0.0">
 <asx:abap xmlns:asx="http://www.sap.com/abapxml" version="1.0">
  <asx:values>
   <DD02V>
    <TABNAME>ZBALT_18</TABNAME>
    <DDLANGUAGE>E</DDLANGUAGE>
    <TABCLASS>TRANSP</TABCLASS>
    <CLIDEP>X</CLIDEP>
    <DDTEXT>밸런스게임_진형지</DDTEXT>
    <MAINFLAG>X</MAINFLAG>
    <CONTFLAG>A</CONTFLAG>
   </DD02V>
   <DD09L>
    <TABNAME>ZBALT_18</TABNAME>
    <AS4LOCAL>A</AS4LOCAL>
    <TABKAT>0</TABKAT>
    <TABART>APPL1</TABART>
    <BUFALLOW>N</BUFALLOW>
   </DD09L>
   <DD03P_TABLE>
    <DD03P>
     <FIELDNAME>MANDT</FIELDNAME>
     <KEYFLAG>X</KEYFLAG>
     <ROLLNAME>MANDT</ROLLNAME>
     <ADMINFIELD>0</ADMINFIELD>
     <NOTNULL>X</NOTNULL>
     <COMPTYPE>E</COMPTYPE>
    </DD03P>
    <DD03P>
     <FIELDNAME>NAME</FIELDNAME>
     <KEYFLAG>X</KEYFLAG>
     <ADMINFIELD>0</ADMINFIELD>
     <INTTYPE>C</INTTYPE>
     <INTLEN>000030</INTLEN>
     <NOTNULL>X</NOTNULL>
     <DATATYPE>CHAR</DATATYPE>
     <LENG>000015</LENG>
     <MASK>  CHAR</MASK>
     <DDTEXT>이름</DDTEXT>
    </DD03P>
    <DD03P>
     <FIELDNAME>RADI1</FIELDNAME>
     <ADMINFIELD>0</ADMINFIELD>
     <INTTYPE>C</INTTYPE>
     <INTLEN>000500</INTLEN>
     <DATATYPE>CHAR</DATATYPE>
     <LENG>000250</LENG>
     <MASK>  CHAR</MASK>
     <DDTEXT>radi1</DDTEXT>
    </DD03P>
    <DD03P>
     <FIELDNAME>RADI2</FIELDNAME>
     <ADMINFIELD>0</ADMINFIELD>
     <INTTYPE>C</INTTYPE>
     <INTLEN>000500</INTLEN>
     <DATATYPE>CHAR</DATATYPE>
     <LENG>000250</LENG>
     <MASK>  CHAR</MASK>
     <DDTEXT>radi2</DDTEXT>
    </DD03P>
    <DD03P>
     <FIELDNAME>RADI3</FIELDNAME>
     <ADMINFIELD>0</ADMINFIELD>
     <INTTYPE>C</INTTYPE>
     <INTLEN>000500</INTLEN>
     <DATATYPE>CHAR</DATATYPE>
     <LENG>000250</LENG>
     <MASK>  CHAR</MASK>
     <DDTEXT>radi3</DDTEXT>
    </DD03P>
    <DD03P>
     <FIELDNAME>RADI4</FIELDNAME>
     <ADMINFIELD>0</ADMINFIELD>
     <INTTYPE>C</INTTYPE>
     <INTLEN>000500</INTLEN>
     <DATATYPE>CHAR</DATATYPE>
     <LENG>000250</LENG>
     <MASK>  CHAR</MASK>
     <DDTEXT>radi4</DDTEXT>
    </DD03P>
    <DD03P>
     <FIELDNAME>RADI5</FIELDNAME>
     <ADMINFIELD>0</ADMINFIELD>
     <INTTYPE>C</INTTYPE>
     <INTLEN>000500</INTLEN>
     <DATATYPE>CHAR</DATATYPE>
     <LENG>000250</LENG>
     <MASK>  CHAR</MASK>
     <DDTEXT>radi5</DDTEXT>
    </DD03P>
    <DD03P>
     <FIELDNAME>RADI6</FIELDNAME>
     <ADMINFIELD>0</ADMINFIELD>
     <INTTYPE>C</INTTYPE>
     <INTLEN>000500</INTLEN>
     <DATATYPE>CHAR</DATATYPE>
     <LENG>000250</LENG>
     <MASK>  CHAR</MASK>
     <DDTEXT>radi6</DDTEXT>
    </DD03P>
    <DD03P>
     <FIELDNAME>RADI7</FIELDNAME>
     <ADMINFIELD>0</ADMINFIELD>
     <INTTYPE>C</INTTYPE>
     <INTLEN>000500</INTLEN>
     <DATATYPE>CHAR</DATATYPE>
     <LENG>000250</LENG>
     <MASK>  CHAR</MASK>
     <DDTEXT>radi7</DDTEXT>
    </DD03P>
    <DD03P>
     <FIELDNAME>RADI8</FIELDNAME>
     <ADMINFIELD>0</ADMINFIELD>
     <INTTYPE>C</INTTYPE>
     <INTLEN>000500</INTLEN>
     <DATATYPE>CHAR</DATATYPE>
     <LENG>000250</LENG>
     <MASK>  CHAR</MASK>
     <DDTEXT>radi8</DDTEXT>
    </DD03P>
    <DD03P>
     <FIELDNAME>RADI9</FIELDNAME>
     <ADMINFIELD>0</ADMINFIELD>
     <INTTYPE>C</INTTYPE>
     <INTLEN>000500</INTLEN>
     <DATATYPE>CHAR</DATATYPE>
     <LENG>000250</LENG>
     <MASK>  CHAR</MASK>
     <DDTEXT>radi9</DDTEXT>
    </DD03P>
    <DD03P>
     <FIELDNAME>RADI10</FIELDNAME>
     <ADMINFIELD>0</ADMINFIELD>
     <INTTYPE>C</INTTYPE>
     <INTLEN>000500</INTLEN>
     <DATATYPE>CHAR</DATATYPE>
     <LENG>000250</LENG>
     <MASK>  CHAR</MASK>
     <DDTEXT>radi10</DDTEXT>
    </DD03P>
    <DD03P>
     <FIELDNAME>ERDAT</FIELDNAME>
     <ROLLNAME>ERDAT</ROLLNAME>
     <ADMINFIELD>0</ADMINFIELD>
     <SHLPORIGIN>T</SHLPORIGIN>
     <COMPTYPE>E</COMPTYPE>
    </DD03P>
    <DD03P>
     <FIELDNAME>ERZET</FIELDNAME>
     <ROLLNAME>ERZET</ROLLNAME>
     <ADMINFIELD>0</ADMINFIELD>
     <SHLPORIGIN>T</SHLPORIGIN>
     <COMPTYPE>E</COMPTYPE>
    </DD03P>
    <DD03P>
     <FIELDNAME>ERNAM</FIELDNAME>
     <ROLLNAME>ERNAM</ROLLNAME>
     <ADMINFIELD>0</ADMINFIELD>
     <COMPTYPE>E</COMPTYPE>
    </DD03P>
   </DD03P_TABLE>
  </asx:values>
 </asx:abap>
</abapGit>
