﻿<?xml version="1.0" encoding="utf-8"?>
<abapGit version="v1.0.0" serializer="LCL_OBJECT_SHLP" serializer_version="v1.0.0">
 <asx:abap xmlns:asx="http://www.sap.com/abapxml" version="1.0">
  <asx:values>
   <DD30V>
    <SHLPNAME>ZCERT</SHLPNAME>
    <DDLANGUAGE>E</DDLANGUAGE>
    <DDTEXT>Certification Search help</DDTEXT>
    <ISSIMPLE>X</ISSIMPLE>
    <SELMETHOD>ZTCERT</SELMETHOD>
    <SELMTYPE>T</SELMTYPE>
    <DIALOGTYPE>D</DIALOGTYPE>
    <FUZZY_SIMILARITY>0.8</FUZZY_SIMILARITY>
   </DD30V>
   <DD32P_TABLE>
    <DD32P>
     <SHLPNAME>ZCERT</SHLPNAME>
     <FIELDNAME>ZCERT</FIELDNAME>
     <FLPOSITION>0001</FLPOSITION>
     <ROLLNAME>ZCERT</ROLLNAME>
     <SHLPINPUT>X</SHLPINPUT>
     <SHLPOUTPUT>X</SHLPOUTPUT>
     <SHLPSELPOS>01</SHLPSELPOS>
     <SHLPLISPOS>01</SHLPLISPOS>
     <DEFAULTVAL>&apos;SD&apos;</DEFAULTVAL>
     <DEFAULTTYP>L</DEFAULTTYP>
     <SCRLEN3>40</SCRLEN3>
    </DD32P>
    <DD32P>
     <SHLPNAME>ZCERT</SHLPNAME>
     <FIELDNAME>ZCERT_NAME</FIELDNAME>
     <FLPOSITION>0002</FLPOSITION>
     <ROLLNAME>ZCERT_NAME</ROLLNAME>
     <SHLPINPUT>X</SHLPINPUT>
     <SHLPOUTPUT>X</SHLPOUTPUT>
     <SHLPSELPOS>02</SHLPSELPOS>
     <SHLPLISPOS>02</SHLPLISPOS>
     <ROLLCHANGE>N</ROLLCHANGE>
    </DD32P>
   </DD32P_TABLE>
  </asx:values>
 </asx:abap>
</abapGit>
