﻿<?xml version="1.0" encoding="utf-8"?>
<abapGit version="v1.0.0" serializer="LCL_OBJECT_DTEL" serializer_version="v1.0.0">
 <asx:abap xmlns:asx="http://www.sap.com/abapxml" version="1.0">
  <asx:values>
   <DD04V>
    <ROLLNAME>ZCERTCD01</ROLLNAME>
    <DDLANGUAGE>E</DDLANGUAGE>
    <HEADLEN>55</HEADLEN>
    <SCRLEN1>10</SCRLEN1>
    <SCRLEN2>20</SCRLEN2>
    <SCRLEN3>40</SCRLEN3>
    <DDTEXT>자격증코드</DDTEXT>
    <REPTEXT>코드</REPTEXT>
    <SCRTEXT_S>코드</SCRTEXT_S>
    <SCRTEXT_M>자격증코드</SCRTEXT_M>
    <SCRTEXT_L>자격증코드</SCRTEXT_L>
    <DTELMASTER>E</DTELMASTER>
    <SHLPNAME>ZSH_ZCETCD</SHLPNAME>
    <SHLPFIELD>ZCERTCD</SHLPFIELD>
    <DATATYPE>CHAR</DATATYPE>
    <LENG>000002</LENG>
    <OUTPUTLEN>000002</OUTPUTLEN>
   </DD04V>
  </asx:values>
 </asx:abap>
</abapGit>
