﻿<?xml version="1.0" encoding="utf-8"?>
<abapGit version="v1.0.0" serializer="LCL_OBJECT_TRAN" serializer_version="v1.0.0">
 <asx:abap xmlns:asx="http://www.sap.com/abapxml" version="1.0">
  <asx:values>
   <TSTC>
    <TCODE>ZDHRT001</TCODE>
    <CINFO>Ag==</CINFO>
   </TSTC>
   <TSTCC>
    <TCODE>ZDHRT001</TCODE>
    <S_WEBGUI>1</S_WEBGUI>
    <S_WIN32>X</S_WIN32>
    <S_PLATIN>X</S_PLATIN>
   </TSTCC>
   <TSTCT>
    <SPRSL>E</SPRSL>
    <TCODE>ZDHRT001</TCODE>
    <TTEXT>ZDHRT001 유지보수뷰</TTEXT>
   </TSTCT>
   <TSTCP>
    <TCODE>ZDHRT001</TCODE>
    <PARAM>/*SM30 VIEWNAME=ZDHRT001;UPDATE=X;</PARAM>
   </TSTCP>
  </asx:values>
 </asx:abap>
</abapGit>
