﻿<?xml version="1.0" encoding="utf-8"?>
<abapGit version="v1.0.0" serializer="LCL_OBJECT_TABL" serializer_version="v1.0.0">
 <asx:abap xmlns:asx="http://www.sap.com/abapxml" version="1.0">
  <asx:values>
   <DD02V>
    <TABNAME>ZDHRT002</TABNAME>
    <DDLANGUAGE>E</DDLANGUAGE>
    <TABCLASS>TRANSP</TABCLASS>
    <CLIDEP>X</CLIDEP>
    <LANGDEP>X</LANGDEP>
    <DDTEXT>사원 자격증관리 테이블</DDTEXT>
    <MAINFLAG>X</MAINFLAG>
    <CONTFLAG>A</CONTFLAG>
   </DD02V>
   <DD09L>
    <TABNAME>ZDHRT002</TABNAME>
    <AS4LOCAL>A</AS4LOCAL>
    <TABKAT>1</TABKAT>
    <TABART>APPL1</TABART>
    <BUFALLOW>N</BUFALLOW>
   </DD09L>
   <DD03P_TABLE>
    <DD03P>
     <FIELDNAME>MANDT</FIELDNAME>
     <KEYFLAG>X</KEYFLAG>
     <ROLLNAME>MANDT</ROLLNAME>
     <ADMINFIELD>0</ADMINFIELD>
     <NOTNULL>X</NOTNULL>
     <COMPTYPE>E</COMPTYPE>
    </DD03P>
    <DD03P>
     <FIELDNAME>ZEMPNO</FIELDNAME>
     <KEYFLAG>X</KEYFLAG>
     <ROLLNAME>ZEMPNO01</ROLLNAME>
     <CHECKTABLE>ZDHRT001</CHECKTABLE>
     <ADMINFIELD>0</ADMINFIELD>
     <NOTNULL>X</NOTNULL>
     <SHLPORIGIN>X</SHLPORIGIN>
     <COMPTYPE>E</COMPTYPE>
    </DD03P>
    <DD03P>
     <FIELDNAME>ZCERTCD</FIELDNAME>
     <KEYFLAG>X</KEYFLAG>
     <ROLLNAME>ZCERTCD01</ROLLNAME>
     <CHECKTABLE>ZDHRT005</CHECKTABLE>
     <ADMINFIELD>0</ADMINFIELD>
     <NOTNULL>X</NOTNULL>
     <SHLPORIGIN>X</SHLPORIGIN>
     <SHLPNAME>ZSH_ZCETCD</SHLPNAME>
     <SHLPFIELD>ZCERTCD</SHLPFIELD>
     <COMPTYPE>E</COMPTYPE>
    </DD03P>
    <DD03P>
     <FIELDNAME>ZGDATE</FIELDNAME>
     <ADMINFIELD>0</ADMINFIELD>
     <INTTYPE>D</INTTYPE>
     <INTLEN>000016</INTLEN>
     <DATATYPE>DATS</DATATYPE>
     <LENG>000008</LENG>
     <MASK>  DATS</MASK>
     <DDTEXT>취득일자</DDTEXT>
     <SHLPORIGIN>T</SHLPORIGIN>
    </DD03P>
    <DD03P>
     <FIELDNAME>.INCLUDE</FIELDNAME>
     <ADMINFIELD>0</ADMINFIELD>
     <PRECFIELD>ZSLOG_18</PRECFIELD>
     <MASK>      S</MASK>
     <DDTEXT>LOG 구조체</DDTEXT>
     <COMPTYPE>S</COMPTYPE>
    </DD03P>
   </DD03P_TABLE>
   <DD05M_TABLE>
    <DD05M>
     <FIELDNAME>ZCERTCD</FIELDNAME>
     <FORTABLE>ZDHRT002</FORTABLE>
     <FORKEY>MANDT</FORKEY>
     <CHECKTABLE>ZDHRT005</CHECKTABLE>
     <CHECKFIELD>MANDT</CHECKFIELD>
     <PRIMPOS>0001</PRIMPOS>
     <DOMNAME>MANDT</DOMNAME>
     <DATATYPE>CLNT</DATATYPE>
    </DD05M>
    <DD05M>
     <FIELDNAME>ZCERTCD</FIELDNAME>
     <FORTABLE>ZDHRT002</FORTABLE>
     <FORKEY>ZCERTCD</FORKEY>
     <CHECKTABLE>ZDHRT005</CHECKTABLE>
     <CHECKFIELD>ZCERTCD</CHECKFIELD>
     <PRIMPOS>0002</PRIMPOS>
     <DATATYPE>CHAR</DATATYPE>
    </DD05M>
    <DD05M>
     <FIELDNAME>ZEMPNO</FIELDNAME>
     <FORTABLE>ZDHRT002</FORTABLE>
     <FORKEY>MANDT</FORKEY>
     <CHECKTABLE>ZDHRT001</CHECKTABLE>
     <CHECKFIELD>MANDT</CHECKFIELD>
     <PRIMPOS>0001</PRIMPOS>
     <DOMNAME>MANDT</DOMNAME>
     <DATATYPE>CLNT</DATATYPE>
    </DD05M>
    <DD05M>
     <FIELDNAME>ZEMPNO</FIELDNAME>
     <FORTABLE>ZDHRT002</FORTABLE>
     <FORKEY>ZEMPNO</FORKEY>
     <CHECKTABLE>ZDHRT001</CHECKTABLE>
     <CHECKFIELD>ZEMPNO</CHECKFIELD>
     <PRIMPOS>0002</PRIMPOS>
     <DATATYPE>CHAR</DATATYPE>
    </DD05M>
   </DD05M_TABLE>
   <DD08V_TABLE>
    <DD08V>
     <FIELDNAME>ZCERTCD</FIELDNAME>
     <CHECKTABLE>ZDHRT005</CHECKTABLE>
     <DDTEXT>자격증코드체크</DDTEXT>
    </DD08V>
    <DD08V>
     <FIELDNAME>ZEMPNO</FIELDNAME>
     <CHECKTABLE>ZDHRT001</CHECKTABLE>
     <DDTEXT>사원관리CHECK</DDTEXT>
    </DD08V>
   </DD08V_TABLE>
   <DD35V_TALE>
    <DD35V>
     <FIELDNAME>ZCERTCD</FIELDNAME>
     <SHLPNAME>ZSH_ZCERTCD18</SHLPNAME>
    </DD35V>
    <DD35V>
     <FIELDNAME>ZEMPNO</FIELDNAME>
     <SHLPNAME>ZSH_ZEMPNO18</SHLPNAME>
    </DD35V>
   </DD35V_TALE>
   <DD36M>
    <DD36M>
     <FIELDNAME>ZCERTCD</FIELDNAME>
     <SHLPNAME>ZSH_ZCERTCD18</SHLPNAME>
     <SHLPFIELD>ZCERTCD</SHLPFIELD>
     <FLPOSITION>0001</FLPOSITION>
     <SHTABLE>ZDHRT002</SHTABLE>
     <SHFIELD>ZCERTCD</SHFIELD>
     <SHLPINPUT>X</SHLPINPUT>
     <SHLPOUTPUT>X</SHLPOUTPUT>
     <ROLLNAME>ZCERTCD01</ROLLNAME>
     <DATATYPE>CHAR</DATATYPE>
     <LENG>000002</LENG>
    </DD36M>
    <DD36M>
     <FIELDNAME>ZCERTCD</FIELDNAME>
     <SHLPNAME>ZSH_ZCERTCD18</SHLPNAME>
     <SHLPFIELD>ZCNAME</SHLPFIELD>
     <FLPOSITION>0002</FLPOSITION>
     <SHTYPE>G</SHTYPE>
     <SHLPINPUT>X</SHLPINPUT>
     <SHLPOUTPUT>X</SHLPOUTPUT>
     <ROLLNAME>ZCNAME_18</ROLLNAME>
     <DATATYPE>CHAR</DATATYPE>
     <LENG>000015</LENG>
    </DD36M>
    <DD36M>
     <FIELDNAME>ZEMPNO</FIELDNAME>
     <SHLPNAME>ZSH_ZEMPNO18</SHLPNAME>
     <SHLPFIELD>ZEMPNM</SHLPFIELD>
     <FLPOSITION>0002</FLPOSITION>
     <SHTYPE>G</SHTYPE>
     <SHLPINPUT>X</SHLPINPUT>
     <SHLPOUTPUT>X</SHLPOUTPUT>
     <ROLLNAME>ZEMPNM_18</ROLLNAME>
     <DATATYPE>CHAR</DATATYPE>
     <LENG>000015</LENG>
    </DD36M>
    <DD36M>
     <FIELDNAME>ZEMPNO</FIELDNAME>
     <SHLPNAME>ZSH_ZEMPNO18</SHLPNAME>
     <SHLPFIELD>ZEMPNO</SHLPFIELD>
     <FLPOSITION>0001</FLPOSITION>
     <SHTABLE>ZDHRT002</SHTABLE>
     <SHFIELD>ZEMPNO</SHFIELD>
     <SHLPINPUT>X</SHLPINPUT>
     <SHLPOUTPUT>X</SHLPOUTPUT>
     <ROLLNAME>ZEMPNO01</ROLLNAME>
     <DATATYPE>CHAR</DATATYPE>
     <LENG>000008</LENG>
    </DD36M>
   </DD36M>
   <TABL_EXTRAS>
    <TDDAT>
     <TABNAME>ZDHRT002</TABNAME>
     <CCLASS>&amp;NC&amp;</CCLASS>
    </TDDAT>
   </TABL_EXTRAS>
  </asx:values>
 </asx:abap>
</abapGit>
