﻿<?xml version="1.0" encoding="utf-8"?>
<abapGit version="v1.0.0" serializer="LCL_OBJECT_VIEW" serializer_version="v1.0.0">
 <asx:abap xmlns:asx="http://www.sap.com/abapxml" version="1.0">
  <asx:values>
   <DD25V>
    <VIEWNAME>ZDHRV001</VIEWNAME>
    <AS4LOCAL>A</AS4LOCAL>
    <DDLANGUAGE>E</DDLANGUAGE>
    <AGGTYPE>V</AGGTYPE>
    <ROOTTAB>ZDHRT001</ROOTTAB>
    <DDTEXT>ZDHRT001+ZDHRT002</DDTEXT>
    <VIEWCLASS>D</VIEWCLASS>
    <VIEWGRANT>R</VIEWGRANT>
   </DD25V>
   <DD26V_TABLE>
    <DD26V>
     <VIEWNAME>ZDHRV001</VIEWNAME>
     <TABNAME>ZDHRT001</TABNAME>
     <TABPOS>0001</TABPOS>
     <FORTABNAME>ZDHRT001</FORTABNAME>
    </DD26V>
    <DD26V>
     <VIEWNAME>ZDHRV001</VIEWNAME>
     <TABNAME>ZDHRT002</TABNAME>
     <TABPOS>0002</TABPOS>
    </DD26V>
   </DD26V_TABLE>
   <DD27P_TABLE>
    <DD27P>
     <VIEWFIELD>MANDT</VIEWFIELD>
     <TABNAME>ZDHRT001</TABNAME>
     <FIELDNAME>MANDT</FIELDNAME>
     <KEYFLAG>X</KEYFLAG>
    </DD27P>
    <DD27P>
     <VIEWFIELD>ZEMPNO</VIEWFIELD>
     <TABNAME>ZDHRT001</TABNAME>
     <FIELDNAME>ZEMPNO</FIELDNAME>
     <KEYFLAG>X</KEYFLAG>
    </DD27P>
    <DD27P>
     <VIEWFIELD>ZEMPNM</VIEWFIELD>
     <TABNAME>ZDHRT001</TABNAME>
     <FIELDNAME>ZEMPNM</FIELDNAME>
     <KEYFLAG>X</KEYFLAG>
    </DD27P>
    <DD27P>
     <VIEWFIELD>ZGENDER</VIEWFIELD>
     <TABNAME>ZDHRT001</TABNAME>
     <FIELDNAME>ZGENDER</FIELDNAME>
     <KEYFLAG>X</KEYFLAG>
    </DD27P>
    <DD27P>
     <VIEWFIELD>ZDEPT</VIEWFIELD>
     <TABNAME>ZDHRT001</TABNAME>
     <FIELDNAME>ZDEPT</FIELDNAME>
     <KEYFLAG>X</KEYFLAG>
     <CHECKTABLE>ZDHRT003</CHECKTABLE>
     <SHLPORIGIN>X</SHLPORIGIN>
    </DD27P>
    <DD27P>
     <VIEWFIELD>ZSDATE</VIEWFIELD>
     <TABNAME>ZDHRT001</TABNAME>
     <FIELDNAME>ZSDATE</FIELDNAME>
     <KEYFLAG>X</KEYFLAG>
     <SHLPORIGIN>T</SHLPORIGIN>
    </DD27P>
    <DD27P>
     <VIEWFIELD>ZCERTCD</VIEWFIELD>
     <TABNAME>ZDHRT002</TABNAME>
     <FIELDNAME>ZCERTCD</FIELDNAME>
     <KEYFLAG>X</KEYFLAG>
     <CHECKTABLE>ZDHRT005</CHECKTABLE>
     <SHLPORIGIN>X</SHLPORIGIN>
     <SHLPNAME>ZSH_ZCETCD</SHLPNAME>
     <SHLPFIELD>ZCERTCD</SHLPFIELD>
    </DD27P>
    <DD27P>
     <VIEWFIELD>ZGDATE</VIEWFIELD>
     <TABNAME>ZDHRT002</TABNAME>
     <FIELDNAME>ZGDATE</FIELDNAME>
     <SHLPORIGIN>T</SHLPORIGIN>
    </DD27P>
   </DD27P_TABLE>
   <DD28J_TABLE>
    <DD28J>
     <VIEWNAME>ZDHRV001</VIEWNAME>
     <LTAB>ZDHRT001</LTAB>
     <LFIELD>MANDT</LFIELD>
     <OPERATOR>EQ</OPERATOR>
     <RTAB>ZDHRT002</RTAB>
     <RFIELD>MANDT</RFIELD>
     <SOURCE>S</SOURCE>
    </DD28J>
    <DD28J>
     <VIEWNAME>ZDHRV001</VIEWNAME>
     <LTAB>ZDHRT001</LTAB>
     <LFIELD>ZEMPNO</LFIELD>
     <OPERATOR>EQ</OPERATOR>
     <RTAB>ZDHRT002</RTAB>
     <RFIELD>ZEMPNO</RFIELD>
     <SOURCE>S</SOURCE>
    </DD28J>
   </DD28J_TABLE>
  </asx:values>
 </asx:abap>
</abapGit>
