﻿<?xml version="1.0" encoding="utf-8"?>
<abapGit version="v1.0.0" serializer="LCL_OBJECT_VIEW" serializer_version="v1.0.0">
 <asx:abap xmlns:asx="http://www.sap.com/abapxml" version="1.0">
  <asx:values>
   <DD25V>
    <VIEWNAME>ZDHRV001_M</VIEWNAME>
    <AS4LOCAL>A</AS4LOCAL>
    <DDLANGUAGE>E</DDLANGUAGE>
    <AGGTYPE>V</AGGTYPE>
    <ROOTTAB>ZDHRT001</ROOTTAB>
    <DDTEXT>사원관리 유지보수뷰</DDTEXT>
    <VIEWCLASS>C</VIEWCLASS>
    <CUSTOMAUTH>A</CUSTOMAUTH>
    <GLOBALFLAG>X</GLOBALFLAG>
   </DD25V>
   <DD26V_TABLE>
    <DD26V>
     <VIEWNAME>ZDHRV001_M</VIEWNAME>
     <TABNAME>ZDHRT001</TABNAME>
     <TABPOS>0001</TABPOS>
     <FORTABNAME>ZDHRT001</FORTABNAME>
    </DD26V>
   </DD26V_TABLE>
   <DD27P_TABLE>
    <DD27P>
     <VIEWFIELD>MANDT</VIEWFIELD>
     <TABNAME>ZDHRT001</TABNAME>
     <FIELDNAME>MANDT</FIELDNAME>
     <KEYFLAG>X</KEYFLAG>
    </DD27P>
    <DD27P>
     <VIEWFIELD>ZEMPNO</VIEWFIELD>
     <TABNAME>ZDHRT001</TABNAME>
     <FIELDNAME>ZEMPNO</FIELDNAME>
     <KEYFLAG>X</KEYFLAG>
    </DD27P>
    <DD27P>
     <VIEWFIELD>ZEMPNM</VIEWFIELD>
     <TABNAME>ZDHRT001</TABNAME>
     <FIELDNAME>ZEMPNM</FIELDNAME>
    </DD27P>
    <DD27P>
     <VIEWFIELD>ZGENDER</VIEWFIELD>
     <TABNAME>ZDHRT001</TABNAME>
     <FIELDNAME>ZGENDER</FIELDNAME>
    </DD27P>
    <DD27P>
     <VIEWFIELD>ZDEPT</VIEWFIELD>
     <TABNAME>ZDHRT001</TABNAME>
     <FIELDNAME>ZDEPT</FIELDNAME>
     <CHECKTABLE>ZDHRT003</CHECKTABLE>
     <SHLPORIGIN>X</SHLPORIGIN>
    </DD27P>
    <DD27P>
     <VIEWFIELD>ZSDATE</VIEWFIELD>
     <TABNAME>ZDHRT001</TABNAME>
     <FIELDNAME>ZSDATE</FIELDNAME>
     <SHLPORIGIN>T</SHLPORIGIN>
    </DD27P>
    <DD27P>
     <VIEWFIELD>ZFAMNO</VIEWFIELD>
     <TABNAME>ZDHRT001</TABNAME>
     <FIELDNAME>ZFAMNO</FIELDNAME>
    </DD27P>
    <DD27P>
     <VIEWFIELD>ERDAT</VIEWFIELD>
     <TABNAME>ZDHRT001</TABNAME>
     <FIELDNAME>ERDAT</FIELDNAME>
     <SHLPORIGIN>T</SHLPORIGIN>
    </DD27P>
    <DD27P>
     <VIEWFIELD>ERZET</VIEWFIELD>
     <TABNAME>ZDHRT001</TABNAME>
     <FIELDNAME>ERZET</FIELDNAME>
     <SHLPORIGIN>T</SHLPORIGIN>
    </DD27P>
    <DD27P>
     <VIEWFIELD>ERNAM</VIEWFIELD>
     <TABNAME>ZDHRT001</TABNAME>
     <FIELDNAME>ERNAM</FIELDNAME>
    </DD27P>
    <DD27P>
     <VIEWFIELD>AEDAT</VIEWFIELD>
     <TABNAME>ZDHRT001</TABNAME>
     <FIELDNAME>AEDAT</FIELDNAME>
     <SHLPORIGIN>T</SHLPORIGIN>
    </DD27P>
    <DD27P>
     <VIEWFIELD>AEZET</VIEWFIELD>
     <TABNAME>ZDHRT001</TABNAME>
     <FIELDNAME>AEZET</FIELDNAME>
     <SHLPORIGIN>T</SHLPORIGIN>
     <LOGFLAG>X</LOGFLAG>
    </DD27P>
    <DD27P>
     <VIEWFIELD>AENAM</VIEWFIELD>
     <TABNAME>ZDHRT001</TABNAME>
     <FIELDNAME>AENAM</FIELDNAME>
    </DD27P>
   </DD27P_TABLE>
  </asx:values>
 </asx:abap>
</abapGit>
