﻿<?xml version="1.0" encoding="utf-8"?>
<abapGit version="v1.0.0" serializer="LCL_OBJECT_TABL" serializer_version="v1.0.0">
 <asx:abap xmlns:asx="http://www.sap.com/abapxml" version="1.0">
  <asx:values>
   <DD02V>
    <TABNAME>ZDHRT001</TABNAME>
    <DDLANGUAGE>E</DDLANGUAGE>
    <TABCLASS>TRANSP</TABCLASS>
    <CLIDEP>X</CLIDEP>
    <LANGDEP>X</LANGDEP>
    <DDTEXT>사원관리</DDTEXT>
    <MAINFLAG>X</MAINFLAG>
    <CONTFLAG>A</CONTFLAG>
   </DD02V>
   <DD09L>
    <TABNAME>ZDHRT001</TABNAME>
    <AS4LOCAL>A</AS4LOCAL>
    <TABKAT>1</TABKAT>
    <TABART>APPL1</TABART>
    <BUFALLOW>N</BUFALLOW>
   </DD09L>
   <DD03P_TABLE>
    <DD03P>
     <FIELDNAME>MANDT</FIELDNAME>
     <KEYFLAG>X</KEYFLAG>
     <ROLLNAME>MANDT</ROLLNAME>
     <ADMINFIELD>0</ADMINFIELD>
     <NOTNULL>X</NOTNULL>
     <COMPTYPE>E</COMPTYPE>
    </DD03P>
    <DD03P>
     <FIELDNAME>ZEMPNO</FIELDNAME>
     <KEYFLAG>X</KEYFLAG>
     <ROLLNAME>ZEMPNO01</ROLLNAME>
     <ADMINFIELD>0</ADMINFIELD>
     <NOTNULL>X</NOTNULL>
     <COMPTYPE>E</COMPTYPE>
    </DD03P>
    <DD03P>
     <FIELDNAME>ZEMPNM</FIELDNAME>
     <ADMINFIELD>0</ADMINFIELD>
     <INTTYPE>C</INTTYPE>
     <INTLEN>000030</INTLEN>
     <DATATYPE>CHAR</DATATYPE>
     <LENG>000015</LENG>
     <MASK>  CHAR</MASK>
     <DDTEXT>사원명</DDTEXT>
    </DD03P>
    <DD03P>
     <FIELDNAME>ZGENDER</FIELDNAME>
     <ADMINFIELD>0</ADMINFIELD>
     <INTTYPE>C</INTTYPE>
     <INTLEN>000002</INTLEN>
     <DATATYPE>CHAR</DATATYPE>
     <LENG>000001</LENG>
     <MASK>  CHAR</MASK>
     <DDTEXT>성별 (F : female, M : male)</DDTEXT>
    </DD03P>
    <DD03P>
     <FIELDNAME>ZDEPT</FIELDNAME>
     <ROLLNAME>ZDEPT01</ROLLNAME>
     <CHECKTABLE>ZDHRT003</CHECKTABLE>
     <ADMINFIELD>0</ADMINFIELD>
     <SHLPORIGIN>X</SHLPORIGIN>
     <COMPTYPE>E</COMPTYPE>
    </DD03P>
    <DD03P>
     <FIELDNAME>ZSDATE</FIELDNAME>
     <ADMINFIELD>0</ADMINFIELD>
     <INTTYPE>D</INTTYPE>
     <INTLEN>000016</INTLEN>
     <DATATYPE>DATS</DATATYPE>
     <LENG>000008</LENG>
     <MASK>  DATS</MASK>
     <DDTEXT>입사일자</DDTEXT>
     <SHLPORIGIN>T</SHLPORIGIN>
    </DD03P>
    <DD03P>
     <FIELDNAME>ZFAMNO</FIELDNAME>
     <ADMINFIELD>0</ADMINFIELD>
     <INTTYPE>X</INTTYPE>
     <INTLEN>000001</INTLEN>
     <DATATYPE>INT1</DATATYPE>
     <LENG>000003</LENG>
     <MASK>  INT1</MASK>
     <DDTEXT>부양가족수</DDTEXT>
    </DD03P>
    <DD03P>
     <FIELDNAME>ZDELE</FIELDNAME>
     <ADMINFIELD>0</ADMINFIELD>
     <INTTYPE>C</INTTYPE>
     <INTLEN>000002</INTLEN>
     <DATATYPE>CHAR</DATATYPE>
     <LENG>000001</LENG>
     <MASK>  CHAR</MASK>
     <DDTEXT>퇴사자 플래그</DDTEXT>
    </DD03P>
    <DD03P>
     <FIELDNAME>.INCLUDE</FIELDNAME>
     <ADMINFIELD>0</ADMINFIELD>
     <PRECFIELD>ZSLOG_18</PRECFIELD>
     <MASK>      S</MASK>
     <DDTEXT>LOG 구조체</DDTEXT>
     <COMPTYPE>S</COMPTYPE>
    </DD03P>
    <DD03P>
     <FIELDNAME>.INCLU--AP</FIELDNAME>
     <ADMINFIELD>0</ADMINFIELD>
     <PRECFIELD>ZDHRS001</PRECFIELD>
     <MASK>      S</MASK>
     <DDTEXT>ZDHRT001APPEND STRUCTURE</DDTEXT>
     <COMPTYPE>S</COMPTYPE>
    </DD03P>
   </DD03P_TABLE>
   <DD05M_TABLE>
    <DD05M>
     <FIELDNAME>ZDEPT</FIELDNAME>
     <FORTABLE>ZDHRT001</FORTABLE>
     <FORKEY>MANDT</FORKEY>
     <CHECKTABLE>ZDHRT003</CHECKTABLE>
     <CHECKFIELD>MANDT</CHECKFIELD>
     <PRIMPOS>0001</PRIMPOS>
     <DOMNAME>MANDT</DOMNAME>
     <DATATYPE>CLNT</DATATYPE>
    </DD05M>
    <DD05M>
     <FIELDNAME>ZDEPT</FIELDNAME>
     <FORTABLE>ZDHRT001</FORTABLE>
     <FORKEY>ZDEPT</FORKEY>
     <CHECKTABLE>ZDHRT003</CHECKTABLE>
     <CHECKFIELD>ZDEPT</CHECKFIELD>
     <PRIMPOS>0002</PRIMPOS>
     <DOMNAME>ZDEPT01</DOMNAME>
     <DATATYPE>CHAR</DATATYPE>
    </DD05M>
   </DD05M_TABLE>
   <DD08V_TABLE>
    <DD08V>
     <FIELDNAME>ZDEPT</FIELDNAME>
     <CHECKTABLE>ZDHRT003</CHECKTABLE>
     <DDTEXT>부서 check</DDTEXT>
    </DD08V>
   </DD08V_TABLE>
   <DD35V_TALE>
    <DD35V>
     <FIELDNAME>ZDEPT</FIELDNAME>
     <SHLPNAME>ZSH_ZDEPT18</SHLPNAME>
    </DD35V>
   </DD35V_TALE>
   <DD36M>
    <DD36M>
     <FIELDNAME>ZDEPT</FIELDNAME>
     <SHLPNAME>ZSH_ZDEPT18</SHLPNAME>
     <SHLPFIELD>ZDEPT</SHLPFIELD>
     <FLPOSITION>0001</FLPOSITION>
     <SHTABLE>ZDHRT001</SHTABLE>
     <SHFIELD>ZDEPT</SHFIELD>
     <SHLPINPUT>X</SHLPINPUT>
     <SHLPOUTPUT>X</SHLPOUTPUT>
     <ROLLNAME>ZDEPT01</ROLLNAME>
     <DOMNAME>ZDEPT01</DOMNAME>
     <DATATYPE>CHAR</DATATYPE>
     <LENG>000002</LENG>
    </DD36M>
    <DD36M>
     <FIELDNAME>ZDEPT</FIELDNAME>
     <SHLPNAME>ZSH_ZDEPT18</SHLPNAME>
     <SHLPFIELD>ZDNAME</SHLPFIELD>
     <FLPOSITION>0002</FLPOSITION>
     <SHTYPE>G</SHTYPE>
     <SHLPINPUT>X</SHLPINPUT>
     <SHLPOUTPUT>X</SHLPOUTPUT>
     <ROLLNAME>ZDNAME18</ROLLNAME>
     <DATATYPE>CHAR</DATATYPE>
     <LENG>000015</LENG>
    </DD36M>
   </DD36M>
   <TABL_EXTRAS>
    <TDDAT>
     <TABNAME>ZDHRT001</TABNAME>
     <CCLASS>&amp;NC&amp;</CCLASS>
    </TDDAT>
   </TABL_EXTRAS>
  </asx:values>
 </asx:abap>
</abapGit>
