﻿<?xml version="1.0" encoding="utf-8"?>
<abapGit version="v1.0.0" serializer="LCL_OBJECT_W3MI" serializer_version="v2.0.0">
 <asx:abap xmlns:asx="http://www.sap.com/abapxml" version="1.0">
  <asx:values>
   <NAME>ZDRSW16</NAME>
   <TEXT>사원관리 EXCEL파일</TEXT>
   <PARAMS>
    <WWWPARAMS>
     <NAME>fileextension</NAME>
     <VALUE>.xlsx</VALUE>
    </WWWPARAMS>
    <WWWPARAMS>
     <NAME>filename</NAME>
     <VALUE>수원대_EXCEL FILE UPLOAD.xlsx</VALUE>
    </WWWPARAMS>
    <WWWPARAMS>
     <NAME>mimetype</NAME>
     <VALUE>text/xlsx; charset=utf-8</VALUE>
    </WWWPARAMS>
   </PARAMS>
  </asx:values>
 </asx:abap>
</abapGit>
