﻿<?xml version="1.0" encoding="utf-8"?>
<abapGit version="v1.0.0" serializer="LCL_OBJECT_PROG" serializer_version="v1.0.0">
 <asx:abap xmlns:asx="http://www.sap.com/abapxml" version="1.0">
  <asx:values>
   <PROGDIR>
    <NAME>ZDRSW06</NAME>
    <SUBC>1</SUBC>
    <RLOAD>E</RLOAD>
    <FIXPT>X</FIXPT>
    <UCCHECK>X</UCCHECK>
   </PROGDIR>
   <DYNPROS>
    <item>
     <HEADER>
      <PROGRAM>ZDRSW06</PROGRAM>
      <SCREEN>0100</SCREEN>
      <LANGUAGE>E</LANGUAGE>
      <DESCRIPT>스크린 100</DESCRIPT>
      <TYPE>N</TYPE>
      <NEXTSCREEN>0100</NEXTSCREEN>
      <LINES>027</LINES>
      <COLUMNS>121</COLUMNS>
     </HEADER>
     <CONTAINERS>
      <RPY_DYCATT>
       <TYPE>SCREEN</TYPE>
       <NAME>SCREEN</NAME>
      </RPY_DYCATT>
      <RPY_DYCATT>
       <TYPE>CUST_CTRL</TYPE>
       <NAME>CON1</NAME>
       <ELEMENT_OF>SCREEN</ELEMENT_OF>
       <LINE>002</LINE>
       <COLUMN>002</COLUMN>
       <LENGTH>090</LENGTH>
       <HEIGHT>018</HEIGHT>
      </RPY_DYCATT>
     </CONTAINERS>
     <FIELDS>
      <RPY_DYFATC>
       <CONT_TYPE>SCREEN</CONT_TYPE>
       <CONT_NAME>SCREEN</CONT_NAME>
       <TYPE>OKCODE</TYPE>
       <NAME>OK_CODE</NAME>
       <TEXT>____________________</TEXT>
       <LENGTH>020</LENGTH>
       <VISLENGTH>020</VISLENGTH>
       <HEIGHT>001</HEIGHT>
       <FORMAT>CHAR</FORMAT>
       <INPUT_FLD>X</INPUT_FLD>
      </RPY_DYFATC>
     </FIELDS>
     <FLOW_LOGIC>
      <RPY_DYFLOW>
       <LINE>PROCESS BEFORE OUTPUT.</LINE>
      </RPY_DYFLOW>
      <RPY_DYFLOW>
       <LINE>  MODULE status_0100.</LINE>
      </RPY_DYFLOW>
      <RPY_DYFLOW>
       <LINE>  MODULE init_con.</LINE>
      </RPY_DYFLOW>
      <RPY_DYFLOW/>
      <RPY_DYFLOW>
       <LINE>PROCESS AFTER INPUT.</LINE>
      </RPY_DYFLOW>
      <RPY_DYFLOW>
       <LINE>&quot;FUNCTION TYPE을 E(EXIT COMMAND)로 생성하면, AT EXIT-COMMAND.구문수행</LINE>
      </RPY_DYFLOW>
      <RPY_DYFLOW>
       <LINE>&quot;AT EXIT-COMMAND.구문은 스크린 필드가 ABAP프로그램 필드로 복사되기 전에 발생</LINE>
      </RPY_DYFLOW>
      <RPY_DYFLOW>
       <LINE>&quot;ㄴ&gt; 가장 먼저 발생하는 모듈</LINE>
      </RPY_DYFLOW>
      <RPY_DYFLOW>
       <LINE>  MODULE exit AT EXIT-COMMAND.</LINE>
      </RPY_DYFLOW>
      <RPY_DYFLOW>
       <LINE>  MODULE user_command_0100.</LINE>
      </RPY_DYFLOW>
     </FLOW_LOGIC>
    </item>
   </DYNPROS>
   <CUA>
    <ADM>
     <ACTCODE>000001</ACTCODE>
     <PFKCODE>000001</PFKCODE>
    </ADM>
    <STA>
     <RSMPE_STAT>
      <CODE>PF100</CODE>
      <MODAL>D</MODAL>
      <ACTCODE>000001</ACTCODE>
      <PFKCODE>000001</PFKCODE>
      <BUTCODE>0001</BUTCODE>
      <INT_NOTE>PF100</INT_NOTE>
     </RSMPE_STAT>
    </STA>
    <FUN>
     <RSMPE_FUNT>
      <CODE>BACK</CODE>
      <TEXTNO>001</TEXTNO>
      <TYPE>E</TYPE>
      <TEXT_TYPE>S</TEXT_TYPE>
      <FUN_TEXT>Back</FUN_TEXT>
     </RSMPE_FUNT>
     <RSMPE_FUNT>
      <CODE>CANC</CODE>
      <TEXTNO>001</TEXTNO>
      <TYPE>E</TYPE>
      <TEXT_TYPE>S</TEXT_TYPE>
      <FUN_TEXT>Exit</FUN_TEXT>
     </RSMPE_FUNT>
     <RSMPE_FUNT>
      <CODE>EXIT</CODE>
      <TEXTNO>001</TEXTNO>
      <TYPE>E</TYPE>
      <TEXT_TYPE>S</TEXT_TYPE>
      <TEXT_NAME>ICON_CANCEL</TEXT_NAME>
      <ICON_ID>@0W@</ICON_ID>
      <FUN_TEXT>Cancel</FUN_TEXT>
     </RSMPE_FUNT>
     <RSMPE_FUNT>
      <CODE>SAVE</CODE>
      <TEXTNO>001</TEXTNO>
      <TEXT_TYPE>S</TEXT_TYPE>
      <TEXT_NAME>ICON_SYSTEM_SAVE</TEXT_NAME>
      <ICON_ID>@2L@</ICON_ID>
      <FUN_TEXT>Save</FUN_TEXT>
     </RSMPE_FUNT>
    </FUN>
    <PFK>
     <RSMPE_PFK>
      <CODE>000001</CODE>
      <PFNO>03</PFNO>
      <FUNCODE>BACK</FUNCODE>
      <FUNNO>001</FUNNO>
     </RSMPE_PFK>
     <RSMPE_PFK>
      <CODE>000001</CODE>
      <PFNO>11</PFNO>
      <FUNCODE>SAVE</FUNCODE>
      <FUNNO>001</FUNNO>
     </RSMPE_PFK>
     <RSMPE_PFK>
      <CODE>000001</CODE>
      <PFNO>12</PFNO>
      <FUNCODE>EXIT</FUNCODE>
      <FUNNO>001</FUNNO>
     </RSMPE_PFK>
     <RSMPE_PFK>
      <CODE>000001</CODE>
      <PFNO>15</PFNO>
      <FUNCODE>CANC</FUNCODE>
      <FUNNO>001</FUNNO>
     </RSMPE_PFK>
    </PFK>
    <SET>
     <RSMPE_STAF>
      <STATUS>PF100</STATUS>
      <FUNCTION>BACK</FUNCTION>
     </RSMPE_STAF>
     <RSMPE_STAF>
      <STATUS>PF100</STATUS>
      <FUNCTION>CANC</FUNCTION>
     </RSMPE_STAF>
     <RSMPE_STAF>
      <STATUS>PF100</STATUS>
      <FUNCTION>EXIT</FUNCTION>
     </RSMPE_STAF>
     <RSMPE_STAF>
      <STATUS>PF100</STATUS>
      <FUNCTION>SAVE</FUNCTION>
     </RSMPE_STAF>
    </SET>
    <DOC>
     <RSMPE_ATRT>
      <OBJ_TYPE>A</OBJ_TYPE>
      <OBJ_CODE>000001</OBJ_CODE>
      <MODAL>D</MODAL>
      <INT_NOTE>PF100</INT_NOTE>
     </RSMPE_ATRT>
     <RSMPE_ATRT>
      <OBJ_TYPE>P</OBJ_TYPE>
      <OBJ_CODE>000001</OBJ_CODE>
      <MODAL>D</MODAL>
      <INT_NOTE>PF100</INT_NOTE>
     </RSMPE_ATRT>
     <RSMPE_ATRT>
      <OBJ_TYPE>B</OBJ_TYPE>
      <OBJ_CODE>000001</OBJ_CODE>
      <SUB_CODE>0001</SUB_CODE>
      <MODAL>D</MODAL>
      <INT_NOTE>PF100</INT_NOTE>
     </RSMPE_ATRT>
    </DOC>
    <TIT>
     <RSMPE_TITT>
      <CODE>T100</CODE>
      <TEXT>GRID ALV (CUSTOM) VER 2</TEXT>
     </RSMPE_TITT>
    </TIT>
   </CUA>
   <TPOOL>
    <item>
     <ID>R</ID>
     <ENTRY>GRID ALV_CUSTOM2</ENTRY>
     <LENGTH>16</LENGTH>
    </item>
   </TPOOL>
  </asx:values>
 </asx:abap>
</abapGit>
