﻿<?xml version="1.0" encoding="utf-8"?>
<abapGit version="v1.0.0" serializer="LCL_OBJECT_PROG" serializer_version="v1.0.0">
 <asx:abap xmlns:asx="http://www.sap.com/abapxml" version="1.0">
  <asx:values>
   <PROGDIR>
    <NAME>ZDRSW_BDC2</NAME>
    <DBAPL>S</DBAPL>
    <SUBC>1</SUBC>
    <APPL>X</APPL>
    <FIXPT>X</FIXPT>
    <LDBNAME>D$S</LDBNAME>
    <UCCHECK>X</UCCHECK>
   </PROGDIR>
   <TPOOL>
    <item>
     <ID>I</ID>
     <KEY>040</KEY>
     <ENTRY>Program already exists</ENTRY>
     <LENGTH>54</LENGTH>
    </item>
    <item>
     <ID>I</ID>
     <KEY>041</KEY>
     <ENTRY>Report name is not valid</ENTRY>
     <LENGTH>60</LENGTH>
    </item>
    <item>
     <ID>I</ID>
     <KEY>042</KEY>
     <ENTRY>No authorization to create reports</ENTRY>
     <LENGTH>90</LENGTH>
    </item>
    <item>
     <ID>I</ID>
     <KEY>E00</KEY>
     <ENTRY>Error opening dataset, return code:</ENTRY>
     <LENGTH>38</LENGTH>
    </item>
    <item>
     <ID>I</ID>
     <KEY>I01</KEY>
     <ENTRY>Session Name</ENTRY>
     <LENGTH>20</LENGTH>
    </item>
    <item>
     <ID>I</ID>
     <KEY>I02</KEY>
     <ENTRY>Open session</ENTRY>
     <LENGTH>30</LENGTH>
    </item>
    <item>
     <ID>I</ID>
     <KEY>I03</KEY>
     <ENTRY>Insert transaction</ENTRY>
     <LENGTH>25</LENGTH>
    </item>
    <item>
     <ID>I</ID>
     <KEY>I04</KEY>
     <ENTRY>Close Session</ENTRY>
     <LENGTH>30</LENGTH>
    </item>
    <item>
     <ID>I</ID>
     <KEY>I05</KEY>
     <ENTRY>Return code =</ENTRY>
     <LENGTH>13</LENGTH>
    </item>
    <item>
     <ID>I</ID>
     <KEY>I06</KEY>
     <ENTRY>Error session created</ENTRY>
     <LENGTH>25</LENGTH>
    </item>
    <item>
     <ID>I</ID>
     <KEY>S01</KEY>
     <ENTRY>Session Name</ENTRY>
     <LENGTH>25</LENGTH>
    </item>
    <item>
     <ID>I</ID>
     <KEY>S02</KEY>
     <ENTRY>User</ENTRY>
     <LENGTH>25</LENGTH>
    </item>
    <item>
     <ID>I</ID>
     <KEY>S03</KEY>
     <ENTRY>Keep session</ENTRY>
     <LENGTH>25</LENGTH>
    </item>
    <item>
     <ID>I</ID>
     <KEY>S04</KEY>
     <ENTRY>Lock date</ENTRY>
     <LENGTH>25</LENGTH>
    </item>
    <item>
     <ID>I</ID>
     <KEY>S05</KEY>
     <ENTRY>Processing Mode</ENTRY>
     <LENGTH>25</LENGTH>
    </item>
    <item>
     <ID>I</ID>
     <KEY>S06</KEY>
     <ENTRY>Update Mode</ENTRY>
     <LENGTH>25</LENGTH>
    </item>
    <item>
     <ID>I</ID>
     <KEY>S07</KEY>
     <ENTRY>Create Session</ENTRY>
     <LENGTH>25</LENGTH>
    </item>
    <item>
     <ID>I</ID>
     <KEY>S08</KEY>
     <ENTRY>Call transaction</ENTRY>
     <LENGTH>25</LENGTH>
    </item>
    <item>
     <ID>I</ID>
     <KEY>S09</KEY>
     <ENTRY>Error sessn</ENTRY>
     <LENGTH>11</LENGTH>
    </item>
    <item>
     <ID>I</ID>
     <KEY>S10</KEY>
     <ENTRY>Nodata indicator</ENTRY>
     <LENGTH>18</LENGTH>
    </item>
    <item>
     <ID>I</ID>
     <KEY>S11</KEY>
     <ENTRY>Short log</ENTRY>
     <LENGTH>13</LENGTH>
    </item>
    <item>
     <ID>R</ID>
     <ENTRY>Report generated by transaction SHDB</ENTRY>
     <LENGTH>36</LENGTH>
    </item>
   </TPOOL>
  </asx:values>
 </asx:abap>
</abapGit>
