﻿<?xml version="1.0" encoding="utf-8"?>
<abapGit version="v1.0.0" serializer="LCL_OBJECT_DTEL" serializer_version="v1.0.0">
 <asx:abap xmlns:asx="http://www.sap.com/abapxml" version="1.0">
  <asx:values>
   <DD04V>
    <ROLLNAME>ZEMPNM_18</ROLLNAME>
    <DDLANGUAGE>E</DDLANGUAGE>
    <HEADLEN>15</HEADLEN>
    <SCRLEN1>10</SCRLEN1>
    <SCRLEN2>20</SCRLEN2>
    <SCRLEN3>40</SCRLEN3>
    <DDTEXT>사원명 data element</DDTEXT>
    <REPTEXT>사원명</REPTEXT>
    <SCRTEXT_S>사원명</SCRTEXT_S>
    <SCRTEXT_M>사원명</SCRTEXT_M>
    <SCRTEXT_L>사원명</SCRTEXT_L>
    <DTELMASTER>E</DTELMASTER>
    <DATATYPE>CHAR</DATATYPE>
    <LENG>000015</LENG>
    <OUTPUTLEN>000015</OUTPUTLEN>
   </DD04V>
  </asx:values>
 </asx:abap>
</abapGit>
