﻿<?xml version="1.0" encoding="utf-8"?>
<abapGit version="v1.0.0" serializer="LCL_OBJECT_SHLP" serializer_version="v1.0.0">
 <asx:abap xmlns:asx="http://www.sap.com/abapxml" version="1.0">
  <asx:values>
   <DD30V>
    <SHLPNAME>ZEMP_NAME</SHLPNAME>
    <DDLANGUAGE>E</DDLANGUAGE>
    <DDTEXT>Employee Name</DDTEXT>
    <ELEMEXI>X</ELEMEXI>
   </DD30V>
   <DD31V_TABLE>
    <DD31V>
     <SHLPNAME>ZEMP_NAME</SHLPNAME>
     <SUBSHLP>ZEMP_NO</SUBSHLP>
     <SHPOSITION>0001</SHPOSITION>
     <VIASHLP>ZEMP_NAME</VIASHLP>
    </DD31V>
    <DD31V>
     <SHLPNAME>ZEMP_NAME</SHLPNAME>
     <SUBSHLP>ZEMP_NO2</SUBSHLP>
     <SHPOSITION>0002</SHPOSITION>
     <VIASHLP>ZEMP_NAME</VIASHLP>
    </DD31V>
   </DD31V_TABLE>
   <DD32P_TABLE>
    <DD32P>
     <SHLPNAME>ZEMP_NAME</SHLPNAME>
     <FIELDNAME>EMP_NO</FIELDNAME>
     <FLPOSITION>0001</FLPOSITION>
     <ROLLNAME>ZEMP_NO</ROLLNAME>
     <SHLPINPUT>X</SHLPINPUT>
     <SHLPOUTPUT>X</SHLPOUTPUT>
     <ROLLCHANGE>N</ROLLCHANGE>
     <SCRLEN3>40</SCRLEN3>
    </DD32P>
    <DD32P>
     <SHLPNAME>ZEMP_NAME</SHLPNAME>
     <FIELDNAME>EMP_NAME</FIELDNAME>
     <FLPOSITION>0002</FLPOSITION>
     <ROLLNAME>ZEMP_NAME</ROLLNAME>
     <SHLPINPUT>X</SHLPINPUT>
     <SHLPOUTPUT>X</SHLPOUTPUT>
     <ROLLCHANGE>N</ROLLCHANGE>
    </DD32P>
   </DD32P_TABLE>
  </asx:values>
 </asx:abap>
</abapGit>
