﻿<?xml version="1.0" encoding="utf-8"?>
<abapGit version="v1.0.0" serializer="LCL_OBJECT_DTEL" serializer_version="v1.0.0">
 <asx:abap xmlns:asx="http://www.sap.com/abapxml" version="1.0">
  <asx:values>
   <DD04V>
    <ROLLNAME>ZEMPNO</ROLLNAME>
    <DDLANGUAGE>E</DDLANGUAGE>
    <DOMNAME>ZEMPNO</DOMNAME>
    <HEADLEN>08</HEADLEN>
    <SCRLEN1>10</SCRLEN1>
    <SCRLEN2>20</SCRLEN2>
    <SCRLEN3>40</SCRLEN3>
    <DDTEXT>사원번호</DDTEXT>
    <REPTEXT>사원NO</REPTEXT>
    <SCRTEXT_S>사번</SCRTEXT_S>
    <SCRTEXT_M>사원번</SCRTEXT_M>
    <SCRTEXT_L>사원번호</SCRTEXT_L>
    <DTELMASTER>E</DTELMASTER>
    <REFKIND>D</REFKIND>
   </DD04V>
   <I18N_LANGS>
    <LANGU>3</LANGU>
   </I18N_LANGS>
   <DD04_TEXTS>
    <item>
     <DDLANGUAGE>3</DDLANGUAGE>
     <DDTEXT>사원번호</DDTEXT>
     <REPTEXT>사번</REPTEXT>
     <SCRTEXT_S>사번</SCRTEXT_S>
     <SCRTEXT_M>사원번호</SCRTEXT_M>
     <SCRTEXT_L>사원번호</SCRTEXT_L>
    </item>
   </DD04_TEXTS>
  </asx:values>
 </asx:abap>
</abapGit>
