﻿<?xml version="1.0" encoding="utf-8"?>
<abapGit version="v1.0.0" serializer="LCL_OBJECT_TABL" serializer_version="v1.0.0">
 <asx:abap xmlns:asx="http://www.sap.com/abapxml" version="1.0">
  <asx:values>
   <DD02V>
    <TABNAME>ZEMP_CERT</TABNAME>
    <DDLANGUAGE>E</DDLANGUAGE>
    <TABCLASS>TRANSP</TABCLASS>
    <CLIDEP>X</CLIDEP>
    <DDTEXT>Employee Certification Info</DDTEXT>
    <CONTFLAG>A</CONTFLAG>
   </DD02V>
   <DD09L>
    <TABNAME>ZEMP_CERT</TABNAME>
    <AS4LOCAL>A</AS4LOCAL>
    <TABKAT>0</TABKAT>
    <TABART>APPL0</TABART>
    <BUFALLOW>N</BUFALLOW>
   </DD09L>
   <DD03P_TABLE>
    <DD03P>
     <FIELDNAME>MANDT</FIELDNAME>
     <KEYFLAG>X</KEYFLAG>
     <ROLLNAME>MANDT</ROLLNAME>
     <ADMINFIELD>0</ADMINFIELD>
     <NOTNULL>X</NOTNULL>
     <COMPTYPE>E</COMPTYPE>
    </DD03P>
    <DD03P>
     <FIELDNAME>ZEMP_NO</FIELDNAME>
     <KEYFLAG>X</KEYFLAG>
     <ROLLNAME>ZEMP_NO</ROLLNAME>
     <ADMINFIELD>0</ADMINFIELD>
     <NOTNULL>X</NOTNULL>
     <SHLPORIGIN>D</SHLPORIGIN>
     <COMPTYPE>E</COMPTYPE>
    </DD03P>
    <DD03P>
     <FIELDNAME>ZCERT</FIELDNAME>
     <KEYFLAG>X</KEYFLAG>
     <ROLLNAME>ZCERT</ROLLNAME>
     <ADMINFIELD>0</ADMINFIELD>
     <NOTNULL>X</NOTNULL>
     <SHLPORIGIN>X</SHLPORIGIN>
     <COMPTYPE>E</COMPTYPE>
    </DD03P>
    <DD03P>
     <FIELDNAME>ZEMP_NAME</FIELDNAME>
     <ROLLNAME>ZEMP_NAME</ROLLNAME>
     <ADMINFIELD>0</ADMINFIELD>
     <COMPTYPE>E</COMPTYPE>
    </DD03P>
    <DD03P>
     <FIELDNAME>ZCERT_NAME</FIELDNAME>
     <ADMINFIELD>0</ADMINFIELD>
     <INTTYPE>C</INTTYPE>
     <INTLEN>000010</INTLEN>
     <DATATYPE>CHAR</DATATYPE>
     <LENG>000005</LENG>
     <MASK>  CHAR</MASK>
     <DDTEXT>Certification name</DDTEXT>
    </DD03P>
   </DD03P_TABLE>
   <DD35V_TALE>
    <DD35V>
     <FIELDNAME>ZCERT</FIELDNAME>
     <SHLPNAME>ZCERT</SHLPNAME>
    </DD35V>
   </DD35V_TALE>
   <DD36M>
    <DD36M>
     <FIELDNAME>ZCERT</FIELDNAME>
     <SHLPNAME>ZCERT</SHLPNAME>
     <SHLPFIELD>ZCERT</SHLPFIELD>
     <FLPOSITION>0001</FLPOSITION>
     <SHTABLE>ZEMP_CERT</SHTABLE>
     <SHFIELD>ZCERT</SHFIELD>
     <SHLPINPUT>X</SHLPINPUT>
     <SHLPOUTPUT>X</SHLPOUTPUT>
     <ROLLNAME>ZCERT</ROLLNAME>
     <DOMNAME>ZCERT</DOMNAME>
     <DATATYPE>CHAR</DATATYPE>
     <LENG>000005</LENG>
     <DEFAULTVAL>&apos;SD&apos;</DEFAULTVAL>
     <DEFAULTTYP>L</DEFAULTTYP>
    </DD36M>
    <DD36M>
     <FIELDNAME>ZCERT</FIELDNAME>
     <SHLPNAME>ZCERT</SHLPNAME>
     <SHLPFIELD>ZCERT_NAME</SHLPFIELD>
     <FLPOSITION>0002</FLPOSITION>
     <SHTABLE>ZEMP_CERT</SHTABLE>
     <SHFIELD>ZCERT_NAME</SHFIELD>
     <SHLPINPUT>X</SHLPINPUT>
     <SHLPOUTPUT>X</SHLPOUTPUT>
     <ROLLNAME>ZCERT_NAME</ROLLNAME>
     <DOMNAME>ZCERT_NAME</DOMNAME>
     <DATATYPE>CHAR</DATATYPE>
     <LENG>000010</LENG>
    </DD36M>
   </DD36M>
  </asx:values>
 </asx:abap>
</abapGit>
