﻿<?xml version="1.0" encoding="utf-8"?>
<abapGit version="v1.0.0" serializer="LCL_OBJECT_TABL" serializer_version="v1.0.0">
 <asx:abap xmlns:asx="http://www.sap.com/abapxml" version="1.0">
  <asx:values>
   <DD02V>
    <TABNAME>ZHRT005</TABNAME>
    <DDLANGUAGE>E</DDLANGUAGE>
    <TABCLASS>TRANSP</TABCLASS>
    <CLIDEP>X</CLIDEP>
    <LANGDEP>X</LANGDEP>
    <DDTEXT>사원 자격증 관리</DDTEXT>
    <MAINFLAG>X</MAINFLAG>
    <CONTFLAG>A</CONTFLAG>
   </DD02V>
   <DD09L>
    <TABNAME>ZHRT005</TABNAME>
    <AS4LOCAL>A</AS4LOCAL>
    <TABKAT>0</TABKAT>
    <TABART>APPL1</TABART>
    <BUFALLOW>N</BUFALLOW>
   </DD09L>
   <DD03P_TABLE>
    <DD03P>
     <FIELDNAME>MANDT</FIELDNAME>
     <KEYFLAG>X</KEYFLAG>
     <ROLLNAME>MANDT</ROLLNAME>
     <ADMINFIELD>0</ADMINFIELD>
     <NOTNULL>X</NOTNULL>
     <COMPTYPE>E</COMPTYPE>
    </DD03P>
    <DD03P>
     <FIELDNAME>EMP_NO</FIELDNAME>
     <KEYFLAG>X</KEYFLAG>
     <ROLLNAME>ZEMPNO</ROLLNAME>
     <CHECKTABLE>ZHRT001</CHECKTABLE>
     <ADMINFIELD>0</ADMINFIELD>
     <NOTNULL>X</NOTNULL>
     <SHLPORIGIN>P</SHLPORIGIN>
     <COMPTYPE>E</COMPTYPE>
    </DD03P>
    <DD03P>
     <FIELDNAME>ZCERTCD</FIELDNAME>
     <KEYFLAG>X</KEYFLAG>
     <ROLLNAME>ZCERTCD</ROLLNAME>
     <CHECKTABLE>ZHRT006</CHECKTABLE>
     <ADMINFIELD>0</ADMINFIELD>
     <NOTNULL>X</NOTNULL>
     <SHLPORIGIN>X</SHLPORIGIN>
     <COMPTYPE>E</COMPTYPE>
    </DD03P>
    <DD03P>
     <FIELDNAME>ZCERTDATE</FIELDNAME>
     <ADMINFIELD>0</ADMINFIELD>
     <INTTYPE>D</INTTYPE>
     <INTLEN>000016</INTLEN>
     <DATATYPE>DATS</DATATYPE>
     <LENG>000008</LENG>
     <MASK>  DATS</MASK>
     <DDTEXT>자격증취득일자</DDTEXT>
     <SHLPORIGIN>T</SHLPORIGIN>
    </DD03P>
    <DD03P>
     <FIELDNAME>.INCLUDE</FIELDNAME>
     <ADMINFIELD>0</ADMINFIELD>
     <PRECFIELD>ZLOG</PRECFIELD>
     <MASK>      S</MASK>
     <DDTEXT>LOG스트럭쳐</DDTEXT>
     <COMPTYPE>S</COMPTYPE>
    </DD03P>
   </DD03P_TABLE>
   <DD05M_TABLE>
    <DD05M>
     <FIELDNAME>EMP_NO</FIELDNAME>
     <FORTABLE>ZHRT005</FORTABLE>
     <FORKEY>MANDT</FORKEY>
     <CHECKTABLE>ZHRT001</CHECKTABLE>
     <CHECKFIELD>MANDT</CHECKFIELD>
     <PRIMPOS>0001</PRIMPOS>
     <DOMNAME>MANDT</DOMNAME>
     <DATATYPE>CLNT</DATATYPE>
    </DD05M>
    <DD05M>
     <FIELDNAME>EMP_NO</FIELDNAME>
     <FORTABLE>ZHRT005</FORTABLE>
     <FORKEY>EMP_NO</FORKEY>
     <CHECKTABLE>ZHRT001</CHECKTABLE>
     <CHECKFIELD>EMP_NO</CHECKFIELD>
     <PRIMPOS>0002</PRIMPOS>
     <DOMNAME>ZEMPNO</DOMNAME>
     <DATATYPE>CHAR</DATATYPE>
    </DD05M>
    <DD05M>
     <FIELDNAME>ZCERTCD</FIELDNAME>
     <FORTABLE>ZHRT005</FORTABLE>
     <FORKEY>MANDT</FORKEY>
     <CHECKTABLE>ZHRT006</CHECKTABLE>
     <CHECKFIELD>MANDT</CHECKFIELD>
     <PRIMPOS>0001</PRIMPOS>
     <DOMNAME>MANDT</DOMNAME>
     <DATATYPE>CLNT</DATATYPE>
    </DD05M>
    <DD05M>
     <FIELDNAME>ZCERTCD</FIELDNAME>
     <FORTABLE>ZHRT005</FORTABLE>
     <FORKEY>ZCERTCD</FORKEY>
     <CHECKTABLE>ZHRT006</CHECKTABLE>
     <CHECKFIELD>ZCERTCD</CHECKFIELD>
     <PRIMPOS>0002</PRIMPOS>
     <DATATYPE>CHAR</DATATYPE>
    </DD05M>
   </DD05M_TABLE>
   <DD08V_TABLE>
    <DD08V>
     <FIELDNAME>EMP_NO</FIELDNAME>
     <CHECKTABLE>ZHRT001</CHECKTABLE>
     <DDTEXT>사원번호CHECK</DDTEXT>
    </DD08V>
    <DD08V>
     <FIELDNAME>ZCERTCD</FIELDNAME>
     <CHECKTABLE>ZHRT006</CHECKTABLE>
     <DDTEXT>자격증관리</DDTEXT>
    </DD08V>
   </DD08V_TABLE>
   <DD35V_TALE>
    <DD35V>
     <FIELDNAME>ZCERTCD</FIELDNAME>
     <SHLPNAME>ZSH_ZCETCD</SHLPNAME>
    </DD35V>
   </DD35V_TALE>
   <DD36M>
    <DD36M>
     <FIELDNAME>ZCERTCD</FIELDNAME>
     <SHLPNAME>ZSH_ZCETCD</SHLPNAME>
     <SHLPFIELD>ZCERTCD</SHLPFIELD>
     <FLPOSITION>0001</FLPOSITION>
     <SHTABLE>ZHRT005</SHTABLE>
     <SHFIELD>ZCERTCD</SHFIELD>
     <SHLPINPUT>X</SHLPINPUT>
     <SHLPOUTPUT>X</SHLPOUTPUT>
     <ROLLNAME>ZCERTCD</ROLLNAME>
     <DATATYPE>CHAR</DATATYPE>
     <LENG>000002</LENG>
    </DD36M>
   </DD36M>
  </asx:values>
 </asx:abap>
</abapGit>
