﻿<?xml version="1.0" encoding="utf-8"?>
<abapGit version="v1.0.0" serializer="LCL_OBJECT_TABL" serializer_version="v1.0.0">
 <asx:abap xmlns:asx="http://www.sap.com/abapxml" version="1.0">
  <asx:values>
   <DD02V>
    <TABNAME>ZHRT001</TABNAME>
    <DDLANGUAGE>E</DDLANGUAGE>
    <TABCLASS>TRANSP</TABCLASS>
    <CLIDEP>X</CLIDEP>
    <LANGDEP>X</LANGDEP>
    <DDTEXT>사원관리_사원별 부양가족수</DDTEXT>
    <MAINFLAG>X</MAINFLAG>
    <CONTFLAG>A</CONTFLAG>
   </DD02V>
   <DD09L>
    <TABNAME>ZHRT001</TABNAME>
    <AS4LOCAL>A</AS4LOCAL>
    <TABKAT>9</TABKAT>
    <TABART>APPL1</TABART>
    <BUFALLOW>N</BUFALLOW>
   </DD09L>
   <DD03P_TABLE>
    <DD03P>
     <FIELDNAME>MANDT</FIELDNAME>
     <KEYFLAG>X</KEYFLAG>
     <ROLLNAME>MANDT</ROLLNAME>
     <ADMINFIELD>0</ADMINFIELD>
     <NOTNULL>X</NOTNULL>
     <COMPTYPE>E</COMPTYPE>
    </DD03P>
    <DD03P>
     <FIELDNAME>EMP_NO</FIELDNAME>
     <KEYFLAG>X</KEYFLAG>
     <ROLLNAME>ZEMPNO</ROLLNAME>
     <ADMINFIELD>0</ADMINFIELD>
     <NOTNULL>X</NOTNULL>
     <SHLPORIGIN>X</SHLPORIGIN>
     <COMPTYPE>E</COMPTYPE>
    </DD03P>
    <DD03P>
     <FIELDNAME>EMPNM</FIELDNAME>
     <ADMINFIELD>0</ADMINFIELD>
     <INTTYPE>C</INTTYPE>
     <INTLEN>000030</INTLEN>
     <DATATYPE>CHAR</DATATYPE>
     <LENG>000015</LENG>
     <MASK>  CHAR</MASK>
     <DDTEXT>사원명</DDTEXT>
    </DD03P>
    <DD03P>
     <FIELDNAME>GENDER</FIELDNAME>
     <ADMINFIELD>0</ADMINFIELD>
     <INTTYPE>C</INTTYPE>
     <INTLEN>000002</INTLEN>
     <DATATYPE>CHAR</DATATYPE>
     <LENG>000001</LENG>
     <MASK>  CHAR</MASK>
     <DDTEXT>성별 (F/M)</DDTEXT>
    </DD03P>
    <DD03P>
     <FIELDNAME>DEPT</FIELDNAME>
     <ROLLNAME>ZDEPT</ROLLNAME>
     <CHECKTABLE>ZHRT002</CHECKTABLE>
     <ADMINFIELD>0</ADMINFIELD>
     <SHLPORIGIN>X</SHLPORIGIN>
     <COMPTYPE>E</COMPTYPE>
    </DD03P>
    <DD03P>
     <FIELDNAME>ZDATE</FIELDNAME>
     <ADMINFIELD>0</ADMINFIELD>
     <INTTYPE>D</INTTYPE>
     <INTLEN>000016</INTLEN>
     <DATATYPE>DATS</DATATYPE>
     <LENG>000008</LENG>
     <MASK>  DATS</MASK>
     <DDTEXT>입사일자</DDTEXT>
     <SHLPORIGIN>T</SHLPORIGIN>
    </DD03P>
    <DD03P>
     <FIELDNAME>FAMYNO</FIELDNAME>
     <ADMINFIELD>0</ADMINFIELD>
     <INTTYPE>X</INTTYPE>
     <INTLEN>000001</INTLEN>
     <DATATYPE>INT1</DATATYPE>
     <LENG>000003</LENG>
     <MASK>  INT1</MASK>
     <DDTEXT>부양가족수</DDTEXT>
    </DD03P>
    <DD03P>
     <FIELDNAME>ZDELE</FIELDNAME>
     <ADMINFIELD>0</ADMINFIELD>
     <INTTYPE>C</INTTYPE>
     <INTLEN>000002</INTLEN>
     <DATATYPE>CHAR</DATATYPE>
     <LENG>000001</LENG>
     <MASK>  CHAR</MASK>
     <DDTEXT>퇴사플래그</DDTEXT>
    </DD03P>
    <DD03P>
     <FIELDNAME>.INCLUDE</FIELDNAME>
     <ADMINFIELD>0</ADMINFIELD>
     <PRECFIELD>ZLOG</PRECFIELD>
     <MASK>      S</MASK>
     <DDTEXT>LOG스트럭쳐</DDTEXT>
     <COMPTYPE>S</COMPTYPE>
    </DD03P>
    <DD03P>
     <FIELDNAME>.INCLU--AP</FIELDNAME>
     <ADMINFIELD>0</ADMINFIELD>
     <PRECFIELD>ZHRS001_2</PRECFIELD>
     <MASK>      S</MASK>
     <DDTEXT>ZHRT001_APPEND STRUCTURE</DDTEXT>
     <COMPTYPE>S</COMPTYPE>
    </DD03P>
    <DD03P>
     <FIELDNAME>.INCLU--AP</FIELDNAME>
     <ADMINFIELD>0</ADMINFIELD>
     <PRECFIELD>ZHRS001_3</PRECFIELD>
     <MASK>      S</MASK>
     <DDTEXT>ZHRT001 APPEND STRUCTURE 2</DDTEXT>
     <COMPTYPE>S</COMPTYPE>
    </DD03P>
   </DD03P_TABLE>
   <DD05M_TABLE>
    <DD05M>
     <FIELDNAME>DEPT</FIELDNAME>
     <FORTABLE>ZHRT001</FORTABLE>
     <FORKEY>MANDT</FORKEY>
     <CHECKTABLE>ZHRT002</CHECKTABLE>
     <CHECKFIELD>MANDT</CHECKFIELD>
     <PRIMPOS>0001</PRIMPOS>
     <DOMNAME>MANDT</DOMNAME>
     <DATATYPE>CLNT</DATATYPE>
    </DD05M>
    <DD05M>
     <FIELDNAME>DEPT</FIELDNAME>
     <FORTABLE>ZHRT001</FORTABLE>
     <FORKEY>DEPT</FORKEY>
     <CHECKTABLE>ZHRT002</CHECKTABLE>
     <CHECKFIELD>DEPT</CHECKFIELD>
     <PRIMPOS>0002</PRIMPOS>
     <DATATYPE>CHAR</DATATYPE>
    </DD05M>
   </DD05M_TABLE>
   <DD08V_TABLE>
    <DD08V>
     <FIELDNAME>DEPT</FIELDNAME>
     <CHECKTABLE>ZHRT002</CHECKTABLE>
     <DDTEXT>부서코드 CHECK</DDTEXT>
    </DD08V>
   </DD08V_TABLE>
   <DD35V_TALE>
    <DD35V>
     <FIELDNAME>DEPT</FIELDNAME>
     <SHLPNAME>ZSH_DEPT</SHLPNAME>
    </DD35V>
    <DD35V>
     <FIELDNAME>EMP_NO</FIELDNAME>
     <SHLPNAME>ZSH_EMP_NO</SHLPNAME>
    </DD35V>
   </DD35V_TALE>
   <DD36M>
    <DD36M>
     <FIELDNAME>DEPT</FIELDNAME>
     <SHLPNAME>ZSH_DEPT</SHLPNAME>
     <SHLPFIELD>DEPT</SHLPFIELD>
     <FLPOSITION>0001</FLPOSITION>
     <SHTABLE>ZHRT001</SHTABLE>
     <SHFIELD>DEPT</SHFIELD>
     <SHLPINPUT>X</SHLPINPUT>
     <SHLPOUTPUT>X</SHLPOUTPUT>
     <ROLLNAME>ZDEPT</ROLLNAME>
     <DATATYPE>CHAR</DATATYPE>
     <LENG>000008</LENG>
    </DD36M>
    <DD36M>
     <FIELDNAME>DEPT</FIELDNAME>
     <SHLPNAME>ZSH_DEPT</SHLPNAME>
     <SHLPFIELD>DNAME</SHLPFIELD>
     <FLPOSITION>0002</FLPOSITION>
     <SHTYPE>G</SHTYPE>
     <SHLPINPUT>X</SHLPINPUT>
     <SHLPOUTPUT>X</SHLPOUTPUT>
     <ROLLNAME>ZDNAME</ROLLNAME>
     <DATATYPE>CHAR</DATATYPE>
     <LENG>000015</LENG>
    </DD36M>
    <DD36M>
     <FIELDNAME>EMP_NO</FIELDNAME>
     <SHLPNAME>ZSH_EMP_NO</SHLPNAME>
     <SHLPFIELD>EMPNM</SHLPFIELD>
     <FLPOSITION>0002</FLPOSITION>
     <SHTYPE>G</SHTYPE>
     <SHLPINPUT>X</SHLPINPUT>
     <SHLPOUTPUT>X</SHLPOUTPUT>
     <ROLLNAME>ZEMPNM</ROLLNAME>
     <DOMNAME>ZEMPNM</DOMNAME>
     <DATATYPE>CHAR</DATATYPE>
     <LENG>000015</LENG>
    </DD36M>
    <DD36M>
     <FIELDNAME>EMP_NO</FIELDNAME>
     <SHLPNAME>ZSH_EMP_NO</SHLPNAME>
     <SHLPFIELD>EMP_NO</SHLPFIELD>
     <FLPOSITION>0001</FLPOSITION>
     <SHTABLE>ZHRT001</SHTABLE>
     <SHFIELD>EMP_NO</SHFIELD>
     <SHLPINPUT>X</SHLPINPUT>
     <SHLPOUTPUT>X</SHLPOUTPUT>
     <ROLLNAME>ZEMPNO</ROLLNAME>
     <DOMNAME>ZEMPNO</DOMNAME>
     <DATATYPE>CHAR</DATATYPE>
     <LENG>000008</LENG>
    </DD36M>
   </DD36M>
   <TABL_EXTRAS>
    <TDDAT>
     <TABNAME>ZHRT001</TABNAME>
     <CCLASS>&amp;NC&amp;</CCLASS>
    </TDDAT>
   </TABL_EXTRAS>
  </asx:values>
 </asx:abap>
</abapGit>
