﻿<?xml version="1.0" encoding="utf-8"?>
<abapGit version="v1.0.0" serializer="LCL_OBJECT_VIEW" serializer_version="v1.0.0">
 <asx:abap xmlns:asx="http://www.sap.com/abapxml" version="1.0">
  <asx:values>
   <DD25V>
    <VIEWNAME>ZHRV003</VIEWNAME>
    <AS4LOCAL>A</AS4LOCAL>
    <DDLANGUAGE>E</DDLANGUAGE>
    <AGGTYPE>V</AGGTYPE>
    <ROOTTAB>ZHRT001</ROOTTAB>
    <DDTEXT>사원관리 유지보수 뷰</DDTEXT>
    <VIEWCLASS>C</VIEWCLASS>
    <CUSTOMAUTH>A</CUSTOMAUTH>
    <GLOBALFLAG>X</GLOBALFLAG>
   </DD25V>
   <DD26V_TABLE>
    <DD26V>
     <VIEWNAME>ZHRV003</VIEWNAME>
     <TABNAME>ZHRT001</TABNAME>
     <TABPOS>0001</TABPOS>
     <FORTABNAME>ZHRT001</FORTABNAME>
    </DD26V>
    <DD26V>
     <VIEWNAME>ZHRV003</VIEWNAME>
     <TABNAME>ZHRT002</TABNAME>
     <TABPOS>0002</TABPOS>
     <FORTABNAME>ZHRT001</FORTABNAME>
     <FORFIELD>DEPT</FORFIELD>
     <FORDIR>E</FORDIR>
    </DD26V>
   </DD26V_TABLE>
   <DD27P_TABLE>
    <DD27P>
     <VIEWFIELD>MANDT</VIEWFIELD>
     <TABNAME>ZHRT001</TABNAME>
     <FIELDNAME>MANDT</FIELDNAME>
     <KEYFLAG>X</KEYFLAG>
    </DD27P>
    <DD27P>
     <VIEWFIELD>EMP_NO</VIEWFIELD>
     <TABNAME>ZHRT001</TABNAME>
     <FIELDNAME>EMP_NO</FIELDNAME>
     <KEYFLAG>X</KEYFLAG>
     <SHLPORIGIN>X</SHLPORIGIN>
    </DD27P>
    <DD27P>
     <VIEWFIELD>ZDATE</VIEWFIELD>
     <TABNAME>ZHRT001</TABNAME>
     <FIELDNAME>ZDATE</FIELDNAME>
     <SHLPORIGIN>T</SHLPORIGIN>
    </DD27P>
    <DD27P>
     <VIEWFIELD>DEPT</VIEWFIELD>
     <TABNAME>ZHRT001</TABNAME>
     <FIELDNAME>DEPT</FIELDNAME>
     <CHECKTABLE>ZHRT002</CHECKTABLE>
     <SHLPORIGIN>X</SHLPORIGIN>
    </DD27P>
    <DD27P>
     <VIEWFIELD>DNAME</VIEWFIELD>
     <TABNAME>ZHRT002</TABNAME>
     <FIELDNAME>DNAME</FIELDNAME>
    </DD27P>
   </DD27P_TABLE>
   <DD28J_TABLE>
    <DD28J>
     <VIEWNAME>ZHRV003</VIEWNAME>
     <LTAB>ZHRT002</LTAB>
     <LFIELD>MANDT</LFIELD>
     <OPERATOR>EQ</OPERATOR>
     <RTAB>ZHRT001</RTAB>
     <RFIELD>MANDT</RFIELD>
     <SOURCE>F</SOURCE>
     <FRKTAB>ZHRT001</FRKTAB>
     <FRKFIELD>DEPT</FRKFIELD>
     <FRKDIR>E</FRKDIR>
    </DD28J>
    <DD28J>
     <VIEWNAME>ZHRV003</VIEWNAME>
     <LTAB>ZHRT002</LTAB>
     <LFIELD>DEPT</LFIELD>
     <OPERATOR>EQ</OPERATOR>
     <RTAB>ZHRT001</RTAB>
     <RFIELD>DEPT</RFIELD>
     <SOURCE>F</SOURCE>
     <FRKTAB>ZHRT001</FRKTAB>
     <FRKFIELD>DEPT</FRKFIELD>
     <FRKDIR>E</FRKDIR>
    </DD28J>
   </DD28J_TABLE>
  </asx:values>
 </asx:abap>
</abapGit>
