﻿<?xml version="1.0" encoding="utf-8"?>
<abapGit version="v1.0.0" serializer="LCL_OBJECT_VIEW" serializer_version="v1.0.0">
 <asx:abap xmlns:asx="http://www.sap.com/abapxml" version="1.0">
  <asx:values>
   <DD25V>
    <VIEWNAME>ZHRV001_18</VIEWNAME>
    <AS4LOCAL>A</AS4LOCAL>
    <DDLANGUAGE>E</DDLANGUAGE>
    <AGGTYPE>V</AGGTYPE>
    <ROOTTAB>ZHRT001</ROOTTAB>
    <DDTEXT>ZHRT001+ZHRT005</DDTEXT>
    <VIEWCLASS>D</VIEWCLASS>
    <VIEWGRANT>R</VIEWGRANT>
   </DD25V>
   <DD26V_TABLE>
    <DD26V>
     <VIEWNAME>ZHRV001_18</VIEWNAME>
     <TABNAME>ZHRT001</TABNAME>
     <TABPOS>0001</TABPOS>
     <FORTABNAME>ZHRT001</FORTABNAME>
    </DD26V>
    <DD26V>
     <VIEWNAME>ZHRV001_18</VIEWNAME>
     <TABNAME>ZHRT005</TABNAME>
     <TABPOS>0002</TABPOS>
    </DD26V>
   </DD26V_TABLE>
   <DD27P_TABLE>
    <DD27P>
     <VIEWFIELD>EMP_NO</VIEWFIELD>
     <TABNAME>ZHRT001</TABNAME>
     <FIELDNAME>EMP_NO</FIELDNAME>
     <KEYFLAG>X</KEYFLAG>
     <SHLPORIGIN>X</SHLPORIGIN>
    </DD27P>
    <DD27P>
     <VIEWFIELD>EMPNM</VIEWFIELD>
     <TABNAME>ZHRT001</TABNAME>
     <FIELDNAME>EMPNM</FIELDNAME>
     <KEYFLAG>X</KEYFLAG>
    </DD27P>
    <DD27P>
     <VIEWFIELD>GENDER</VIEWFIELD>
     <TABNAME>ZHRT001</TABNAME>
     <FIELDNAME>GENDER</FIELDNAME>
     <KEYFLAG>X</KEYFLAG>
    </DD27P>
    <DD27P>
     <VIEWFIELD>DEPT</VIEWFIELD>
     <TABNAME>ZHRT001</TABNAME>
     <FIELDNAME>DEPT</FIELDNAME>
     <KEYFLAG>X</KEYFLAG>
     <CHECKTABLE>ZHRT002</CHECKTABLE>
     <SHLPORIGIN>X</SHLPORIGIN>
    </DD27P>
    <DD27P>
     <VIEWFIELD>ZDATE</VIEWFIELD>
     <TABNAME>ZHRT001</TABNAME>
     <FIELDNAME>ZDATE</FIELDNAME>
     <KEYFLAG>X</KEYFLAG>
     <SHLPORIGIN>T</SHLPORIGIN>
    </DD27P>
    <DD27P>
     <VIEWFIELD>ZCERTCD</VIEWFIELD>
     <TABNAME>ZHRT005</TABNAME>
     <FIELDNAME>ZCERTCD</FIELDNAME>
     <KEYFLAG>X</KEYFLAG>
     <CHECKTABLE>ZHRT006</CHECKTABLE>
     <SHLPORIGIN>X</SHLPORIGIN>
    </DD27P>
    <DD27P>
     <VIEWFIELD>ZCERTDATE</VIEWFIELD>
     <TABNAME>ZHRT005</TABNAME>
     <FIELDNAME>ZCERTDATE</FIELDNAME>
     <KEYFLAG>X</KEYFLAG>
     <SHLPORIGIN>T</SHLPORIGIN>
    </DD27P>
   </DD27P_TABLE>
   <DD28J_TABLE>
    <DD28J>
     <VIEWNAME>ZHRV001_18</VIEWNAME>
     <LTAB>ZHRT001</LTAB>
     <LFIELD>EMP_NO</LFIELD>
     <OPERATOR>EQ</OPERATOR>
     <RTAB>ZHRT005</RTAB>
     <RFIELD>EMP_NO</RFIELD>
     <SOURCE>S</SOURCE>
    </DD28J>
   </DD28J_TABLE>
  </asx:values>
 </asx:abap>
</abapGit>
