﻿<?xml version="1.0" encoding="utf-8"?>
<abapGit version="v1.0.0" serializer="LCL_OBJECT_VIEW" serializer_version="v1.0.0">
 <asx:abap xmlns:asx="http://www.sap.com/abapxml" version="1.0">
  <asx:values>
   <DD25V>
    <VIEWNAME>ZHRV005_M</VIEWNAME>
    <AS4LOCAL>A</AS4LOCAL>
    <DDLANGUAGE>E</DDLANGUAGE>
    <AGGTYPE>V</AGGTYPE>
    <ROOTTAB>ZHRT005</ROOTTAB>
    <DDTEXT>ZHRT005 유지보수뷰</DDTEXT>
    <VIEWCLASS>C</VIEWCLASS>
    <CUSTOMAUTH>A</CUSTOMAUTH>
    <GLOBALFLAG>X</GLOBALFLAG>
   </DD25V>
   <DD26V_TABLE>
    <DD26V>
     <VIEWNAME>ZHRV005_M</VIEWNAME>
     <TABNAME>ZHRT005</TABNAME>
     <TABPOS>0001</TABPOS>
     <FORTABNAME>ZHRT005</FORTABNAME>
    </DD26V>
    <DD26V>
     <VIEWNAME>ZHRV005_M</VIEWNAME>
     <TABNAME>ZHRT006</TABNAME>
     <TABPOS>0002</TABPOS>
     <FORTABNAME>ZHRT005</FORTABNAME>
     <FORFIELD>ZCERTCD</FORFIELD>
     <FORDIR>E</FORDIR>
    </DD26V>
    <DD26V>
     <VIEWNAME>ZHRV005_M</VIEWNAME>
     <TABNAME>ZHRT001</TABNAME>
     <TABPOS>0003</TABPOS>
     <FORTABNAME>ZHRT005</FORTABNAME>
     <FORFIELD>EMP_NO</FORFIELD>
     <FORDIR>E</FORDIR>
    </DD26V>
   </DD26V_TABLE>
   <DD27P_TABLE>
    <DD27P>
     <VIEWFIELD>MANDT</VIEWFIELD>
     <TABNAME>ZHRT005</TABNAME>
     <FIELDNAME>MANDT</FIELDNAME>
     <KEYFLAG>X</KEYFLAG>
    </DD27P>
    <DD27P>
     <VIEWFIELD>EMP_NO</VIEWFIELD>
     <TABNAME>ZHRT005</TABNAME>
     <FIELDNAME>EMP_NO</FIELDNAME>
     <KEYFLAG>X</KEYFLAG>
     <CHECKTABLE>ZHRT001</CHECKTABLE>
     <SHLPORIGIN>P</SHLPORIGIN>
    </DD27P>
    <DD27P>
     <VIEWFIELD>ZCERTCD</VIEWFIELD>
     <TABNAME>ZHRT005</TABNAME>
     <FIELDNAME>ZCERTCD</FIELDNAME>
     <KEYFLAG>X</KEYFLAG>
     <CHECKTABLE>ZHRT006</CHECKTABLE>
     <SHLPORIGIN>X</SHLPORIGIN>
    </DD27P>
    <DD27P>
     <VIEWFIELD>ZCERTDATE</VIEWFIELD>
     <TABNAME>ZHRT005</TABNAME>
     <FIELDNAME>ZCERTDATE</FIELDNAME>
     <SHLPORIGIN>T</SHLPORIGIN>
    </DD27P>
    <DD27P>
     <VIEWFIELD>ERDAT</VIEWFIELD>
     <TABNAME>ZHRT005</TABNAME>
     <FIELDNAME>ERDAT</FIELDNAME>
     <SHLPORIGIN>T</SHLPORIGIN>
    </DD27P>
    <DD27P>
     <VIEWFIELD>ERZET</VIEWFIELD>
     <TABNAME>ZHRT005</TABNAME>
     <FIELDNAME>ERZET</FIELDNAME>
     <SHLPORIGIN>T</SHLPORIGIN>
    </DD27P>
    <DD27P>
     <VIEWFIELD>ERNAM</VIEWFIELD>
     <TABNAME>ZHRT005</TABNAME>
     <FIELDNAME>ERNAM</FIELDNAME>
    </DD27P>
    <DD27P>
     <VIEWFIELD>AEDAT</VIEWFIELD>
     <TABNAME>ZHRT005</TABNAME>
     <FIELDNAME>AEDAT</FIELDNAME>
     <SHLPORIGIN>T</SHLPORIGIN>
    </DD27P>
    <DD27P>
     <VIEWFIELD>AEZET</VIEWFIELD>
     <TABNAME>ZHRT005</TABNAME>
     <FIELDNAME>AEZET</FIELDNAME>
     <SHLPORIGIN>T</SHLPORIGIN>
     <LOGFLAG>X</LOGFLAG>
    </DD27P>
    <DD27P>
     <VIEWFIELD>AENAM</VIEWFIELD>
     <TABNAME>ZHRT005</TABNAME>
     <FIELDNAME>AENAM</FIELDNAME>
    </DD27P>
   </DD27P_TABLE>
   <DD28J_TABLE>
    <DD28J>
     <VIEWNAME>ZHRV005_M</VIEWNAME>
     <LTAB>ZHRT006</LTAB>
     <LFIELD>MANDT</LFIELD>
     <OPERATOR>EQ</OPERATOR>
     <RTAB>ZHRT005</RTAB>
     <RFIELD>MANDT</RFIELD>
     <SOURCE>F</SOURCE>
     <FRKTAB>ZHRT005</FRKTAB>
     <FRKFIELD>ZCERTCD</FRKFIELD>
     <FRKDIR>E</FRKDIR>
    </DD28J>
    <DD28J>
     <VIEWNAME>ZHRV005_M</VIEWNAME>
     <LTAB>ZHRT006</LTAB>
     <LFIELD>ZCERTCD</LFIELD>
     <OPERATOR>EQ</OPERATOR>
     <RTAB>ZHRT005</RTAB>
     <RFIELD>ZCERTCD</RFIELD>
     <SOURCE>F</SOURCE>
     <FRKTAB>ZHRT005</FRKTAB>
     <FRKFIELD>ZCERTCD</FRKFIELD>
     <FRKDIR>E</FRKDIR>
    </DD28J>
    <DD28J>
     <VIEWNAME>ZHRV005_M</VIEWNAME>
     <LTAB>ZHRT001</LTAB>
     <LFIELD>MANDT</LFIELD>
     <OPERATOR>EQ</OPERATOR>
     <RTAB>ZHRT005</RTAB>
     <RFIELD>MANDT</RFIELD>
     <SOURCE>F</SOURCE>
     <FRKTAB>ZHRT005</FRKTAB>
     <FRKFIELD>EMP_NO</FRKFIELD>
     <FRKDIR>E</FRKDIR>
    </DD28J>
    <DD28J>
     <VIEWNAME>ZHRV005_M</VIEWNAME>
     <LTAB>ZHRT001</LTAB>
     <LFIELD>EMP_NO</LFIELD>
     <OPERATOR>EQ</OPERATOR>
     <RTAB>ZHRT005</RTAB>
     <RFIELD>EMP_NO</RFIELD>
     <SOURCE>F</SOURCE>
     <FRKTAB>ZHRT005</FRKTAB>
     <FRKFIELD>EMP_NO</FRKFIELD>
     <FRKDIR>E</FRKDIR>
    </DD28J>
   </DD28J_TABLE>
  </asx:values>
 </asx:abap>
</abapGit>
