﻿<?xml version="1.0" encoding="utf-8"?>
<abapGit version="v1.0.0" serializer="LCL_OBJECT_MSAG" serializer_version="v1.0.0">
 <asx:abap xmlns:asx="http://www.sap.com/abapxml" version="1.0">
  <asx:values>
   <T100A>
    <ARBGB>ZMSG</ARBGB>
    <MASTERLANG>E</MASTERLANG>
   </T100A>
   <T100>
    <T100>
     <SPRSL>E</SPRSL>
     <ARBGB>ZMSG</ARBGB>
     <MSGNR>000</MSGNR>
     <TEXT>&amp; was displayed.</TEXT>
    </T100>
    <T100>
     <SPRSL>E</SPRSL>
     <ARBGB>ZMSG</ARBGB>
     <MSGNR>001</MSGNR>
     <TEXT>There are no data.</TEXT>
    </T100>
    <T100>
     <SPRSL>E</SPRSL>
     <ARBGB>ZMSG</ARBGB>
     <MSGNR>002</MSGNR>
     <TEXT>Document &amp;1 is locked by &amp;2</TEXT>
    </T100>
    <T100>
     <SPRSL>E</SPRSL>
     <ARBGB>ZMSG</ARBGB>
     <MSGNR>003</MSGNR>
     <TEXT>&amp; &amp; &amp;</TEXT>
    </T100>
   </T100>
  </asx:values>
 </asx:abap>
</abapGit>
