﻿<?xml version="1.0" encoding="utf-8"?>
<abapGit version="v1.0.0" serializer="LCL_OBJECT_MSAG" serializer_version="v1.0.0">
 <asx:abap xmlns:asx="http://www.sap.com/abapxml" version="1.0">
  <asx:values>
   <T100A>
    <ARBGB>ZMSG_01</ARBGB>
    <MASTERLANG>E</MASTERLANG>
   </T100A>
   <T100>
    <T100>
     <SPRSL>E</SPRSL>
     <ARBGB>ZMSG_01</ARBGB>
     <MSGNR>000</MSGNR>
     <TEXT>&amp;버튼을 클릭하셨습니다.</TEXT>
    </T100>
   </T100>
  </asx:values>
 </asx:abap>
</abapGit>
