﻿<?xml version="1.0" encoding="utf-8"?>
<abapGit version="v1.0.0" serializer="LCL_OBJECT_TABL" serializer_version="v1.0.0">
 <asx:abap xmlns:asx="http://www.sap.com/abapxml" version="1.0">
  <asx:values>
   <DD02V>
    <TABNAME>ZSAPOUT_BOM</TABNAME>
    <DDLANGUAGE>E</DDLANGUAGE>
    <TABCLASS>TRANSP</TABCLASS>
    <CLIDEP>X</CLIDEP>
    <DDTEXT>[SAPOUT_BOM] TEST</DDTEXT>
    <CONTFLAG>A</CONTFLAG>
   </DD02V>
   <DD09L>
    <TABNAME>ZSAPOUT_BOM</TABNAME>
    <AS4LOCAL>A</AS4LOCAL>
    <TABKAT>0</TABKAT>
    <TABART>APPL0</TABART>
    <BUFALLOW>N</BUFALLOW>
   </DD09L>
   <DD03P_TABLE>
    <DD03P>
     <FIELDNAME>MANDT</FIELDNAME>
     <KEYFLAG>X</KEYFLAG>
     <ROLLNAME>MANDT</ROLLNAME>
     <ADMINFIELD>0</ADMINFIELD>
     <NOTNULL>X</NOTNULL>
     <COMPTYPE>E</COMPTYPE>
    </DD03P>
    <DD03P>
     <FIELDNAME>ITEMPARENT_CD</FIELDNAME>
     <KEYFLAG>X</KEYFLAG>
     <ADMINFIELD>0</ADMINFIELD>
     <INTTYPE>C</INTTYPE>
     <INTLEN>000040</INTLEN>
     <NOTNULL>X</NOTNULL>
     <DATATYPE>CHAR</DATATYPE>
     <LENG>000020</LENG>
     <MASK>  CHAR</MASK>
     <DDTEXT>모품목</DDTEXT>
    </DD03P>
    <DD03P>
     <FIELDNAME>ITEMCHILD_CD</FIELDNAME>
     <KEYFLAG>X</KEYFLAG>
     <ADMINFIELD>0</ADMINFIELD>
     <INTTYPE>C</INTTYPE>
     <INTLEN>000040</INTLEN>
     <NOTNULL>X</NOTNULL>
     <DATATYPE>CHAR</DATATYPE>
     <LENG>000020</LENG>
     <MASK>  CHAR</MASK>
     <DDTEXT>품목</DDTEXT>
    </DD03P>
    <DD03P>
     <FIELDNAME>BOM_SQ</FIELDNAME>
     <ADMINFIELD>0</ADMINFIELD>
     <INTTYPE>N</INTTYPE>
     <INTLEN>000012</INTLEN>
     <DATATYPE>NUMC</DATATYPE>
     <LENG>000006</LENG>
     <MASK>  NUMC</MASK>
     <DDTEXT>순서</DDTEXT>
    </DD03P>
    <DD03P>
     <FIELDNAME>JUST_QT</FIELDNAME>
     <ADMINFIELD>0</ADMINFIELD>
     <INTTYPE>N</INTTYPE>
     <INTLEN>000030</INTLEN>
     <DATATYPE>NUMC</DATATYPE>
     <LENG>000015</LENG>
     <MASK>  NUMC</MASK>
     <DDTEXT>정미수량</DDTEXT>
    </DD03P>
    <DD03P>
     <FIELDNAME>USE_YN</FIELDNAME>
     <ADMINFIELD>0</ADMINFIELD>
     <INTTYPE>C</INTTYPE>
     <INTLEN>000020</INTLEN>
     <DATATYPE>CHAR</DATATYPE>
     <LENG>000010</LENG>
     <MASK>  CHAR</MASK>
     <DDTEXT>사용여부</DDTEXT>
    </DD03P>
    <DD03P>
     <FIELDNAME>REMARK_DC</FIELDNAME>
     <ADMINFIELD>0</ADMINFIELD>
     <INTTYPE>C</INTTYPE>
     <INTLEN>000510</INTLEN>
     <DATATYPE>CHAR</DATATYPE>
     <LENG>000255</LENG>
     <MASK>  CHAR</MASK>
     <DDTEXT>BOM JSON 코드</DDTEXT>
    </DD03P>
   </DD03P_TABLE>
  </asx:values>
 </asx:abap>
</abapGit>
