﻿<?xml version="1.0" encoding="utf-8"?>
<abapGit version="v1.0.0" serializer="LCL_OBJECT_TABL" serializer_version="v1.0.0">
 <asx:abap xmlns:asx="http://www.sap.com/abapxml" version="1.0">
  <asx:values>
   <DD02V>
    <TABNAME>ZTCERT</TABNAME>
    <DDLANGUAGE>E</DDLANGUAGE>
    <TABCLASS>TRANSP</TABCLASS>
    <CLIDEP>X</CLIDEP>
    <DDTEXT>Certification info</DDTEXT>
    <MAINFLAG>X</MAINFLAG>
    <CONTFLAG>A</CONTFLAG>
   </DD02V>
   <DD09L>
    <TABNAME>ZTCERT</TABNAME>
    <AS4LOCAL>A</AS4LOCAL>
    <TABKAT>0</TABKAT>
    <TABART>APPL0</TABART>
    <BUFALLOW>N</BUFALLOW>
   </DD09L>
   <DD03P_TABLE>
    <DD03P>
     <FIELDNAME>MANDT</FIELDNAME>
     <KEYFLAG>X</KEYFLAG>
     <ROLLNAME>MANDT</ROLLNAME>
     <ADMINFIELD>0</ADMINFIELD>
     <NOTNULL>X</NOTNULL>
     <COMPTYPE>E</COMPTYPE>
    </DD03P>
    <DD03P>
     <FIELDNAME>ZCERT</FIELDNAME>
     <KEYFLAG>X</KEYFLAG>
     <ROLLNAME>ZCERT</ROLLNAME>
     <ADMINFIELD>0</ADMINFIELD>
     <NOTNULL>X</NOTNULL>
     <COMPTYPE>E</COMPTYPE>
    </DD03P>
    <DD03P>
     <FIELDNAME>ZCERT_NAME</FIELDNAME>
     <ADMINFIELD>0</ADMINFIELD>
     <INTTYPE>C</INTTYPE>
     <INTLEN>000020</INTLEN>
     <DATATYPE>CHAR</DATATYPE>
     <LENG>000010</LENG>
     <MASK>  CHAR</MASK>
     <DDTEXT>Certification name</DDTEXT>
    </DD03P>
   </DD03P_TABLE>
  </asx:values>
 </asx:abap>
</abapGit>
