﻿<?xml version="1.0" encoding="utf-8"?>
<abapGit version="v1.0.0" serializer="LCL_OBJECT_VIEW" serializer_version="v1.0.0">
 <asx:abap xmlns:asx="http://www.sap.com/abapxml" version="1.0">
  <asx:values>
   <DD25V>
    <VIEWNAME>ZTESTV_18</VIEWNAME>
    <AS4LOCAL>A</AS4LOCAL>
    <DDLANGUAGE>E</DDLANGUAGE>
    <AGGTYPE>V</AGGTYPE>
    <ROOTTAB>ZDHRT002</ROOTTAB>
    <DDTEXT>사원자격증관리 유지보수 뷰 test</DDTEXT>
    <VIEWCLASS>C</VIEWCLASS>
    <CUSTOMAUTH>A</CUSTOMAUTH>
    <GLOBALFLAG>X</GLOBALFLAG>
   </DD25V>
   <DD26V_TABLE>
    <DD26V>
     <VIEWNAME>ZTESTV_18</VIEWNAME>
     <TABNAME>ZDHRT002</TABNAME>
     <TABPOS>0001</TABPOS>
     <FORTABNAME>ZDHRT002</FORTABNAME>
    </DD26V>
    <DD26V>
     <VIEWNAME>ZTESTV_18</VIEWNAME>
     <TABNAME>ZDHRT001</TABNAME>
     <TABPOS>0002</TABPOS>
     <FORTABNAME>ZDHRT002</FORTABNAME>
     <FORFIELD>ZEMPNO</FORFIELD>
     <FORDIR>E</FORDIR>
    </DD26V>
    <DD26V>
     <VIEWNAME>ZTESTV_18</VIEWNAME>
     <TABNAME>ZDHRT005</TABNAME>
     <TABPOS>0003</TABPOS>
     <FORTABNAME>ZDHRT002</FORTABNAME>
     <FORFIELD>ZCERTCD</FORFIELD>
     <FORDIR>E</FORDIR>
    </DD26V>
   </DD26V_TABLE>
   <DD27P_TABLE>
    <DD27P>
     <VIEWFIELD>MANDT</VIEWFIELD>
     <TABNAME>ZDHRT002</TABNAME>
     <FIELDNAME>MANDT</FIELDNAME>
     <KEYFLAG>X</KEYFLAG>
    </DD27P>
    <DD27P>
     <VIEWFIELD>ZEMPNO</VIEWFIELD>
     <TABNAME>ZDHRT002</TABNAME>
     <FIELDNAME>ZEMPNO</FIELDNAME>
     <KEYFLAG>X</KEYFLAG>
     <CHECKTABLE>ZDHRT001</CHECKTABLE>
     <SHLPORIGIN>X</SHLPORIGIN>
    </DD27P>
    <DD27P>
     <VIEWFIELD>ZCERTCD</VIEWFIELD>
     <TABNAME>ZDHRT002</TABNAME>
     <FIELDNAME>ZCERTCD</FIELDNAME>
     <KEYFLAG>X</KEYFLAG>
     <CHECKTABLE>ZDHRT005</CHECKTABLE>
     <SHLPORIGIN>X</SHLPORIGIN>
     <SHLPNAME>ZSH_ZCETCD</SHLPNAME>
     <SHLPFIELD>ZCERTCD</SHLPFIELD>
    </DD27P>
    <DD27P>
     <VIEWFIELD>ZGDATE</VIEWFIELD>
     <TABNAME>ZDHRT002</TABNAME>
     <FIELDNAME>ZGDATE</FIELDNAME>
     <SHLPORIGIN>T</SHLPORIGIN>
    </DD27P>
    <DD27P>
     <VIEWFIELD>ZEMPNM</VIEWFIELD>
     <TABNAME>ZDHRT001</TABNAME>
     <FIELDNAME>ZEMPNM</FIELDNAME>
    </DD27P>
    <DD27P>
     <VIEWFIELD>ZGENDER</VIEWFIELD>
     <TABNAME>ZDHRT001</TABNAME>
     <FIELDNAME>ZGENDER</FIELDNAME>
    </DD27P>
    <DD27P>
     <VIEWFIELD>ZDEPT</VIEWFIELD>
     <TABNAME>ZDHRT001</TABNAME>
     <FIELDNAME>ZDEPT</FIELDNAME>
     <CHECKTABLE>ZDHRT003</CHECKTABLE>
     <SHLPORIGIN>X</SHLPORIGIN>
    </DD27P>
    <DD27P>
     <VIEWFIELD>ZCNAME</VIEWFIELD>
     <TABNAME>ZDHRT005</TABNAME>
     <FIELDNAME>ZCNAME</FIELDNAME>
    </DD27P>
   </DD27P_TABLE>
   <DD28J_TABLE>
    <DD28J>
     <VIEWNAME>ZTESTV_18</VIEWNAME>
     <LTAB>ZDHRT001</LTAB>
     <LFIELD>MANDT</LFIELD>
     <OPERATOR>EQ</OPERATOR>
     <RTAB>ZDHRT002</RTAB>
     <RFIELD>MANDT</RFIELD>
     <SOURCE>F</SOURCE>
     <FRKTAB>ZDHRT002</FRKTAB>
     <FRKFIELD>ZEMPNO</FRKFIELD>
     <FRKDIR>E</FRKDIR>
    </DD28J>
    <DD28J>
     <VIEWNAME>ZTESTV_18</VIEWNAME>
     <LTAB>ZDHRT001</LTAB>
     <LFIELD>ZEMPNO</LFIELD>
     <OPERATOR>EQ</OPERATOR>
     <RTAB>ZDHRT002</RTAB>
     <RFIELD>ZEMPNO</RFIELD>
     <SOURCE>F</SOURCE>
     <FRKTAB>ZDHRT002</FRKTAB>
     <FRKFIELD>ZEMPNO</FRKFIELD>
     <FRKDIR>E</FRKDIR>
    </DD28J>
    <DD28J>
     <VIEWNAME>ZTESTV_18</VIEWNAME>
     <LTAB>ZDHRT005</LTAB>
     <LFIELD>MANDT</LFIELD>
     <OPERATOR>EQ</OPERATOR>
     <RTAB>ZDHRT002</RTAB>
     <RFIELD>MANDT</RFIELD>
     <SOURCE>F</SOURCE>
     <FRKTAB>ZDHRT002</FRKTAB>
     <FRKFIELD>ZCERTCD</FRKFIELD>
     <FRKDIR>E</FRKDIR>
    </DD28J>
    <DD28J>
     <VIEWNAME>ZTESTV_18</VIEWNAME>
     <LTAB>ZDHRT005</LTAB>
     <LFIELD>ZCERTCD</LFIELD>
     <OPERATOR>EQ</OPERATOR>
     <RTAB>ZDHRT002</RTAB>
     <RFIELD>ZCERTCD</RFIELD>
     <SOURCE>F</SOURCE>
     <FRKTAB>ZDHRT002</FRKTAB>
     <FRKFIELD>ZCERTCD</FRKFIELD>
     <FRKDIR>E</FRKDIR>
    </DD28J>
   </DD28J_TABLE>
  </asx:values>
 </asx:abap>
</abapGit>
